{"geographic_baseline": {"E_16-22_COMP": {"fractional_seats": 10.340974363662328, "whole_seats": 10.074571408702862}, "E_16-20_COMP": {"fractional_seats": 15.869960275678018, "whole_seats": 15.882769218602348}, "E_22_SEN": {"fractional_seats": 2.528236225795685e-15, "whole_seats": 0.0}, "E_22_CONG": {"fractional_seats": 22.276984885836676, "whole_seats": 22.684270736892042}, "E_22_GOV": {"fractional_seats": 3.1547178839602448, "whole_seats": 3.155806384316142}, "E_20_PRES": {"fractional_seats": 17.644221752940243, "whole_seats": 18.47407453868399}, "E_20_SEN": {"fractional_seats": 14.740544037518658, "whole_seats": 14.689408514694064}, "E_18_GOV": {"fractional_seats": 16.91864455942049, "whole_seats": 16.37385787390355}, "E_16_PRES": {"fractional_seats": 12.828873802816277, "whole_seats": 11.85326790211497}, "E_16_SEN": {"fractional_seats": 0.00046960350804834517, "whole_seats": 0.0}, "E_08_PRES": {"fractional_seats": 7.3510952407913255, "whole_seats": 7.317951815607229}}}
