{"geographic_baseline": {"E_16-22_COMP": {"fractional_seats": 5.6940878270730035, "whole_seats": 5.3963574682536315}, "E_16-20_COMP": {"fractional_seats": 8.680062143263823, "whole_seats": 8.69590709457847}, "E_22_SEN": {"fractional_seats": 5.733704696920884e-16, "whole_seats": 0.0}, "E_22_CONG": {"fractional_seats": 11.913185381990164, "whole_seats": 12.391916453842486}, "E_22_GOV": {"fractional_seats": 1.531353697279327, "whole_seats": 1.6334533693486828}, "E_20_PRES": {"fractional_seats": 9.488275819814037, "whole_seats": 9.836117432583704}, "E_20_SEN": {"fractional_seats": 8.219728288769332, "whole_seats": 8.504276709149687}, "E_18_GOV": {"fractional_seats": 9.463966456541733, "whole_seats": 9.825863693445918}, "E_16_PRES": {"fractional_seats": 7.102777734727181, "whole_seats": 6.400842115597274}, "E_16_SEN": {"fractional_seats": 2.8018087930704366e-05, "whole_seats": 0.0}, "E_08_PRES": {"fractional_seats": 4.363057649897548, "whole_seats": 4.477393368612378}}}
