{"geographic_baseline": {"E_16-22_COMP": {"fractional_seats": 0.7824292751445459, "whole_seats": 0.6805422230732013}, "E_16-20_COMP": {"fractional_seats": 1.7014901317481363, "whole_seats": 1.4864978636735737}, "E_24_CONG": {"fractional_seats": 0.6253782738478717, "whole_seats": 0.5977924394724101}, "E_24_PRES": {"fractional_seats": 0.7483139498020731, "whole_seats": 0.6921994180657565}, "E_22_AG": {"fractional_seats": 0.4187258364866134, "whole_seats": 0.28478832485218286}, "E_22_SEN": {"fractional_seats": 0.40100419550032995, "whole_seats": 0.24084152173874107}, "E_22_GOV": {"fractional_seats": 0.2544406034439502, "whole_seats": 0.0}, "E_22_SOS": {"fractional_seats": 0.4455862272945025, "whole_seats": 0.3319353881422589}, "E_22_AUD": {"fractional_seats": 0.0, "whole_seats": 0.0}, "E_22_LTG": {"fractional_seats": 0.0, "whole_seats": 0.0}, "E_22_SC6": {"fractional_seats": 0.0, "whole_seats": 0.0}, "E_22_SC5": {"fractional_seats": 0.42750733577269, "whole_seats": 0.28639751096625016}, "E_22_CONG": {"fractional_seats": 0.0066552793740347616, "whole_seats": 0.0}, "E_20_SEN": {"fractional_seats": 1.6105593308824888, "whole_seats": 1.3259066624285782}, "E_20_PRES": {"fractional_seats": 1.152270683013577, "whole_seats": 1.014375196918801}, "E_18_GOV": {"fractional_seats": 1.6680422297668172, "whole_seats": 1.6222992393535471}, "E_18_AG": {"fractional_seats": 1.8271487007973362, "whole_seats": 1.7023350016987513}, "E_18_LTG": {"fractional_seats": 1.2624123000060523, "whole_seats": 1.0913625616730278}, "E_17_SEN_SPEC": {"fractional_seats": 4.342764198900476, "whole_seats": 3.856615844780914}, "E_16_PRES": {"fractional_seats": 0.772633103220575, "whole_seats": 0.5826020012025607}, "E_16_SEN": {"fractional_seats": 0.5610489648177542, "whole_seats": 0.2920819086678905}, "E_12_PRES": {"fractional_seats": 0.973171818215523, "whole_seats": 0.49486861696971857}, "E_08_PRES": {"fractional_seats": 0.9283180499955193, "whole_seats": 0.5410055850799691}}}
