{"geographic_baseline": {"E_16-22_COMP": {"fractional_seats": 24.864654137502473, "whole_seats": 24.62876066396791}, "E_16-20_COMP": {"fractional_seats": 30.216134683959673, "whole_seats": 29.535106430196233}, "E_24_CONG": {"fractional_seats": 21.7455997086447, "whole_seats": 21.786185639770395}, "E_24_PRES": {"fractional_seats": 25.94858293706357, "whole_seats": 25.418181394783215}, "E_22_AG": {"fractional_seats": 22.1937789817316, "whole_seats": 22.315712363903355}, "E_22_SEN": {"fractional_seats": 21.564526287660115, "whole_seats": 21.221612095984316}, "E_22_GOV": {"fractional_seats": 20.219204339570037, "whole_seats": 19.990333936471277}, "E_22_SOS": {"fractional_seats": 22.506047644041356, "whole_seats": 22.421646966659292}, "E_22_AUD": {"fractional_seats": 0.0, "whole_seats": 0.0}, "E_22_LTG": {"fractional_seats": 0.0, "whole_seats": 0.0}, "E_22_SC6": {"fractional_seats": 0.0, "whole_seats": 0.0}, "E_22_SC5": {"fractional_seats": 22.600150644004085, "whole_seats": 22.907809259796274}, "E_22_CONG": {"fractional_seats": 16.854445153079045, "whole_seats": 16.837687556761864}, "E_20_SEN": {"fractional_seats": 31.09621296683861, "whole_seats": 30.51492313623506}, "E_20_PRES": {"fractional_seats": 27.68884490259023, "whole_seats": 26.510087318001254}, "E_18_GOV": {"fractional_seats": 29.07988575331334, "whole_seats": 28.467923457276154}, "E_18_AG": {"fractional_seats": 30.321410596428322, "whole_seats": 29.66787473386729}, "E_18_LTG": {"fractional_seats": 27.271659094795346, "whole_seats": 26.383045209073778}, "E_17_SEN_SPEC": {"fractional_seats": 50.575083890302075, "whole_seats": 49.83246053811895}, "E_16_PRES": {"fractional_seats": 24.165693528548722, "whole_seats": 23.458568881226547}, "E_16_SEN": {"fractional_seats": 22.288500032298387, "whole_seats": 22.113916245495115}, "E_12_PRES": {"fractional_seats": 24.384957243700274, "whole_seats": 24.015535363382494}, "E_08_PRES": {"fractional_seats": 23.1601253739922, "whole_seats": 22.845343580641128}}}
