{"geographic_baseline": {"E_16-22_COMP": {"fractional_seats": 8.76220027203719, "whole_seats": 8.718410144022647}, "E_16-20_COMP": {"fractional_seats": 11.224852709749607, "whole_seats": 11.072600665687553}, "E_24_CONG": {"fractional_seats": 6.9888500015609445, "whole_seats": 6.857564040531979}, "E_24_PRES": {"fractional_seats": 8.980854891680728, "whole_seats": 8.832174725965647}, "E_22_AG": {"fractional_seats": 7.219780593995952, "whole_seats": 7.3073629071952375}, "E_22_SEN": {"fractional_seats": 6.949432525363034, "whole_seats": 7.043909185775705}, "E_22_GOV": {"fractional_seats": 6.360282428202575, "whole_seats": 6.398932065675488}, "E_22_SOS": {"fractional_seats": 7.401631204385337, "whole_seats": 7.602735636297264}, "E_22_AUD": {"fractional_seats": 0.0, "whole_seats": 0.0}, "E_22_LTG": {"fractional_seats": 0.0, "whole_seats": 0.0}, "E_22_SC6": {"fractional_seats": 0.0, "whole_seats": 0.0}, "E_22_SC5": {"fractional_seats": 7.452478258442768, "whole_seats": 7.593519388553061}, "E_22_CONG": {"fractional_seats": 5.210496432273917, "whole_seats": 5.193599419936669}, "E_20_SEN": {"fractional_seats": 11.320883922550223, "whole_seats": 11.095888584212776}, "E_20_PRES": {"fractional_seats": 10.015678910676561, "whole_seats": 9.63863471753857}, "E_18_GOV": {"fractional_seats": 10.921149739094655, "whole_seats": 10.88201312068856}, "E_18_AG": {"fractional_seats": 11.215185971909886, "whole_seats": 11.133171545608832}, "E_18_LTG": {"fractional_seats": 10.086236888564889, "whole_seats": 9.919775553865536}, "E_17_SEN_SPEC": {"fractional_seats": 18.383910033434407, "whole_seats": 18.23963697079718}, "E_16_PRES": {"fractional_seats": 8.749175789125113, "whole_seats": 9.002358348332159}, "E_16_SEN": {"fractional_seats": 7.750967500050393, "whole_seats": 7.618987719431976}, "E_12_PRES": {"fractional_seats": 9.117097328961998, "whole_seats": 9.14009353381848}, "E_08_PRES": {"fractional_seats": 8.717446114345934, "whole_seats": 9.001710494182342}}}
