{"geographic_baseline": {"E_16-20_COMP": {"fractional_seats": 0.17443701271049866, "whole_seats": 0.0}, "E_20_SEN": {"fractional_seats": 0.06523663029685062, "whole_seats": 0.0}, "E_20_PRES": {"fractional_seats": 0.2973959505312513, "whole_seats": 0.0}, "E_18_GOV": {"fractional_seats": 0.026512117657275017, "whole_seats": 0.0}, "E_18_LTG": {"fractional_seats": 0.04554023381722901, "whole_seats": 0.0}, "E_18_AG": {"fractional_seats": 0.26191163902852116, "whole_seats": 0.0}, "E_16_PRES": {"fractional_seats": 0.22554836916212753, "whole_seats": 0.0}, "E_16_SEN": {"fractional_seats": 0.4251813472215823, "whole_seats": 0.14927591478600194}, "E_12_PRES": {"fractional_seats": 0.22745199004577477, "whole_seats": 0.04697422301798027}, "E_08_PRES": {"fractional_seats": 0.2984740846266245, "whole_seats": 0.05145169024055596}}}
