{"geographic_baseline": {"E_16-20_COMP": {"fractional_seats": 18.15595938385238, "whole_seats": 17.76070853162716}, "E_20_SEN": {"fractional_seats": 17.059497003432817, "whole_seats": 16.223911879832265}, "E_20_PRES": {"fractional_seats": 22.261479103260054, "whole_seats": 21.202852774874103}, "E_18_GOV": {"fractional_seats": 14.164522144945582, "whole_seats": 13.50412615008215}, "E_18_LTG": {"fractional_seats": 15.717118758744396, "whole_seats": 15.05921918603338}, "E_18_AG": {"fractional_seats": 19.088428135046776, "whole_seats": 18.127516167893717}, "E_16_PRES": {"fractional_seats": 19.091684510591584, "whole_seats": 18.54247218351903}, "E_16_SEN": {"fractional_seats": 18.896203034250078, "whole_seats": 18.158912231813513}, "E_12_PRES": {"fractional_seats": 17.546728648600475, "whole_seats": 17.26331916996178}, "E_08_PRES": {"fractional_seats": 16.94620196561201, "whole_seats": 16.331249560023416}}}
