{"geographic_baseline": {"E_16-20_COMP": {"fractional_seats": 6.084706561539168, "whole_seats": 6.017464911453468}, "E_20_SEN": {"fractional_seats": 5.341233761663594, "whole_seats": 4.924797212308452}, "E_20_PRES": {"fractional_seats": 7.022289016796717, "whole_seats": 6.974003859839732}, "E_18_GOV": {"fractional_seats": 4.591596802871789, "whole_seats": 4.380189233092614}, "E_18_LTG": {"fractional_seats": 5.238529841028691, "whole_seats": 4.958204716283183}, "E_18_AG": {"fractional_seats": 6.476380881665985, "whole_seats": 6.409870882649446}, "E_16_PRES": {"fractional_seats": 6.615457477911213, "whole_seats": 6.493572689442285}, "E_16_SEN": {"fractional_seats": 6.566806407566619, "whole_seats": 6.470712170980536}, "E_12_PRES": {"fractional_seats": 6.236530557207815, "whole_seats": 6.391357000641532}, "E_08_PRES": {"fractional_seats": 6.47014169980711, "whole_seats": 6.680152640324299}}}
