{"geographic_baseline": {"E_16-22_COMP": {"fractional_seats": 5.284072472124034, "whole_seats": 5.266004679856062}, "E_16-20_COMP": {"fractional_seats": 4.798010761106746, "whole_seats": 4.6767354606067375}, "E_24_PRES": {"fractional_seats": 4.6149504712272975, "whole_seats": 4.547711375876007}, "E_22_GOV": {"fractional_seats": 5.369855701819223, "whole_seats": 5.3338391012125825}, "E_22_SEN": {"fractional_seats": 5.911422962636297, "whole_seats": 5.763507022720538}, "E_22_TREAS": {"fractional_seats": 3.8407244761960797, "whole_seats": 3.8680759650210597}, "E_22_CONG": {"fractional_seats": 3.946948990836994, "whole_seats": 3.952164873896427}, "E_22_AG": {"fractional_seats": 5.2776762024313815, "whole_seats": 5.2357219504378225}, "E_22_SOS": {"fractional_seats": 6.015198839910235, "whole_seats": 5.879522231833254}, "E_20_SEN": {"fractional_seats": 5.458962828837075, "whole_seats": 5.463291068086114}, "E_20_PRES": {"fractional_seats": 5.201733018762465, "whole_seats": 5.215957570871124}, "E_18_SEN": {"fractional_seats": 5.4863139098114, "whole_seats": 5.449135720020772}, "E_18_AG": {"fractional_seats": 4.507680032153018, "whole_seats": 4.46060338094012}, "E_18_GOV": {"fractional_seats": 3.3221222151667282, "whole_seats": 3.397908998697063}, "E_16_SEN": {"fractional_seats": 2.939277506030806, "whole_seats": 3.0744980564921924}, "E_16_PRES": {"fractional_seats": 4.508345100308027, "whole_seats": 4.4466984697760035}, "E_12_PRES": {"fractional_seats": 3.595078305227431, "whole_seats": 3.651016387886075}, "E_08_PRES": {"fractional_seats": 3.318164900194029, "whole_seats": 3.3640270253717386}}}
