{"geographic_baseline": {"E_16-22_COMP": {"fractional_seats": 16.015155274764286, "whole_seats": 15.884348490708678}, "E_16-20_COMP": {"fractional_seats": 14.375944408238533, "whole_seats": 13.78301928741683}, "E_24_PRES": {"fractional_seats": 14.047752534104118, "whole_seats": 13.929657014708248}, "E_22_GOV": {"fractional_seats": 16.368461698421687, "whole_seats": 16.176059239024195}, "E_22_SEN": {"fractional_seats": 18.195037308803663, "whole_seats": 17.80737249321892}, "E_22_TREAS": {"fractional_seats": 11.736491155015788, "whole_seats": 11.443850536572594}, "E_22_CONG": {"fractional_seats": 12.988019582387084, "whole_seats": 13.072160225921774}, "E_22_AG": {"fractional_seats": 16.07114308522574, "whole_seats": 15.880134690586688}, "E_22_SOS": {"fractional_seats": 18.29513982657556, "whole_seats": 18.022525897356957}, "E_20_SEN": {"fractional_seats": 16.513792008793686, "whole_seats": 16.227690350922085}, "E_20_PRES": {"fractional_seats": 15.670217786550502, "whole_seats": 15.525636432738196}, "E_18_SEN": {"fractional_seats": 16.206086352579263, "whole_seats": 16.223910725327347}, "E_18_AG": {"fractional_seats": 13.810131990341423, "whole_seats": 13.217438798171353}, "E_18_GOV": {"fractional_seats": 10.210675870290025, "whole_seats": 10.229344828540906}, "E_16_SEN": {"fractional_seats": 9.37714377468609, "whole_seats": 9.28422868370868}, "E_16_PRES": {"fractional_seats": 13.524321748223445, "whole_seats": 12.741461863535804}, "E_12_PRES": {"fractional_seats": 10.928292199094743, "whole_seats": 10.584365354298995}, "E_08_PRES": {"fractional_seats": 10.407460302305882, "whole_seats": 10.08036843169449}}}
