{"geographic_baseline": {"E_16-22_COMP": {"fractional_seats": 42.13654831237257, "whole_seats": 42.624484969898525}, "E_16-20_COMP": {"fractional_seats": 44.33451134810793, "whole_seats": 45.07140141326016}, "E_22_LTG": {"fractional_seats": 38.70391367805435, "whole_seats": 39.12043624216496}, "E_22_TREAS": {"fractional_seats": 37.39080842982446, "whole_seats": 38.02490455881133}, "E_22_AG": {"fractional_seats": 37.92633464182233, "whole_seats": 38.48390606730097}, "E_22_SOS": {"fractional_seats": 39.20048104038869, "whole_seats": 39.5588248869961}, "E_22_SEN": {"fractional_seats": 40.20827528488621, "whole_seats": 40.409875881371796}, "E_22_GOV": {"fractional_seats": 37.780063633330954, "whole_seats": 38.228343646096576}, "E_20_PRES": {"fractional_seats": 46.12278620834061, "whole_seats": 46.675290793923544}, "E_18_AG": {"fractional_seats": 43.4730981042416, "whole_seats": 44.76447057319689}, "E_18_GOV": {"fractional_seats": 41.25304231489904, "whole_seats": 41.481331824143936}, "E_16_PRES": {"fractional_seats": 45.00835022926099, "whole_seats": 45.80065725260327}, "E_12_PRES": {"fractional_seats": 40.932986859820055, "whole_seats": 42.2106626289199}, "E_08_PRES": {"fractional_seats": 42.05880629093938, "whole_seats": 42.96360886021611}}}
