{"geographic_baseline": {"E_16-22_COMP": {"fractional_seats": 63.72288180090976, "whole_seats": 63.99053290786523}, "E_16-20_COMP": {"fractional_seats": 66.69259917249764, "whole_seats": 67.20956781492198}, "E_22_LTG": {"fractional_seats": 59.05750075966213, "whole_seats": 59.928574938737476}, "E_22_TREAS": {"fractional_seats": 57.28376679993732, "whole_seats": 57.69126649925595}, "E_22_AG": {"fractional_seats": 58.006862626779785, "whole_seats": 58.54301342779144}, "E_22_SOS": {"fractional_seats": 59.781961318692446, "whole_seats": 60.79296178788852}, "E_22_SEN": {"fractional_seats": 61.170353256217965, "whole_seats": 62.108917742712286}, "E_22_GOV": {"fractional_seats": 57.719210719049066, "whole_seats": 58.152855276273115}, "E_20_PRES": {"fractional_seats": 69.37941132090431, "whole_seats": 69.74509198352196}, "E_18_AG": {"fractional_seats": 65.52413587453451, "whole_seats": 66.35130668366176}, "E_18_GOV": {"fractional_seats": 62.51194340429369, "whole_seats": 62.60666798303036}, "E_16_PRES": {"fractional_seats": 67.47194014845974, "whole_seats": 68.02815392082765}, "E_12_PRES": {"fractional_seats": 61.45642302976625, "whole_seats": 61.555128565085404}, "E_08_PRES": {"fractional_seats": 63.16868931940994, "whole_seats": 64.36722055009946}}}
