{"geographic_baseline": {"E_16-22_COMP": {"fractional_seats": 32.752128230585434, "whole_seats": 33.32681390359912}, "E_16-20_COMP": {"fractional_seats": 34.54147015828103, "whole_seats": 35.69379331994762}, "E_22_LTG": {"fractional_seats": 29.91480166652885, "whole_seats": 29.959284715451332}, "E_22_TREAS": {"fractional_seats": 28.810129878765604, "whole_seats": 28.85786040510738}, "E_22_AG": {"fractional_seats": 29.266130539856224, "whole_seats": 29.288015295983502}, "E_22_SOS": {"fractional_seats": 30.30833572711671, "whole_seats": 30.621761124671835}, "E_22_SEN": {"fractional_seats": 31.149435557072106, "whole_seats": 31.63486634186888}, "E_22_GOV": {"fractional_seats": 29.17620206307927, "whole_seats": 29.139654556554216}, "E_20_PRES": {"fractional_seats": 35.96554486465736, "whole_seats": 36.663762051218065}, "E_18_AG": {"fractional_seats": 33.83468553489449, "whole_seats": 35.04004011510588}, "E_18_GOV": {"fractional_seats": 32.050905261384216, "whole_seats": 32.017074717799176}, "E_16_PRES": {"fractional_seats": 35.106332697206774, "whole_seats": 35.73692626499676}, "E_12_PRES": {"fractional_seats": 31.91781191743053, "whole_seats": 32.48701389538949}, "E_08_PRES": {"fractional_seats": 32.84353820561119, "whole_seats": 33.20719396013336}}}
