{"geographic_baseline": {"E_16-20_COMP": {"fractional_seats": 5.44727131753663, "whole_seats": 5.409671487018586}, "E_20_SEN": {"fractional_seats": 5.5092303806441185, "whole_seats": 5.46363882935664}, "E_20_PRES": {"fractional_seats": 5.966670509861858, "whole_seats": 5.810295418165852}, "E_18_GOV": {"fractional_seats": 5.678002119681244, "whole_seats": 5.581100830418691}, "E_18_AG": {"fractional_seats": 5.1927704644942025, "whole_seats": 5.199083986494658}, "E_16_PRES": {"fractional_seats": 5.067405352417505, "whole_seats": 4.962475107010848}, "E_16_SEN": {"fractional_seats": 5.190144861117497, "whole_seats": 5.213868231090078}, "E_12_PRES": {"fractional_seats": 5.181918966865546, "whole_seats": 5.284494521204202}, "E_08_PRES": {"fractional_seats": 5.668215957856482, "whole_seats": 5.649999289885162}}}
