{"geographic_baseline": {"E_16-20_COMP": {"fractional_seats": 41.48215295519221, "whole_seats": 41.942882865344664}, "E_20_SEN": {"fractional_seats": 42.482232236051026, "whole_seats": 43.02022060670142}, "E_20_PRES": {"fractional_seats": 45.76335684053803, "whole_seats": 46.41240023319485}, "E_18_GOV": {"fractional_seats": 42.60907993139027, "whole_seats": 42.875657678922195}, "E_18_AG": {"fractional_seats": 38.99862096704738, "whole_seats": 38.86696067730417}, "E_16_PRES": {"fractional_seats": 37.94651537565799, "whole_seats": 38.1430089886684}, "E_16_SEN": {"fractional_seats": 39.41914579505056, "whole_seats": 39.92135478134188}, "E_12_PRES": {"fractional_seats": 39.07665910939953, "whole_seats": 39.240723561991544}, "E_08_PRES": {"fractional_seats": 42.24158772999178, "whole_seats": 42.709198100217726}}}
