{"geographic_baseline": {"E_16-20_COMP": {"fractional_seats": 22.37936950950401, "whole_seats": 22.922734828916017}, "E_20_SEN": {"fractional_seats": 22.86834640402774, "whole_seats": 23.837077832396968}, "E_20_PRES": {"fractional_seats": 24.720644029057148, "whole_seats": 25.241924002470512}, "E_18_GOV": {"fractional_seats": 23.20926723788541, "whole_seats": 23.695876692195014}, "E_18_AG": {"fractional_seats": 21.02305614080252, "whole_seats": 21.281145030737587}, "E_16_PRES": {"fractional_seats": 20.226287376531154, "whole_seats": 20.75864079862633}, "E_16_SEN": {"fractional_seats": 21.16645442385464, "whole_seats": 21.045444059058006}, "E_12_PRES": {"fractional_seats": 21.201549250623493, "whole_seats": 21.566802581492624}, "E_08_PRES": {"fractional_seats": 22.88668439883297, "whole_seats": 22.557823265925563}}}
