{"geographic_baseline": {"E_16-20_COMP": {"fractional_seats": 4.707461749334657, "whole_seats": 4.887649392225726}, "E_20_PRES": {"fractional_seats": 4.846656339031731, "whole_seats": 5.000000000000002}, "E_18_GOV": {"fractional_seats": 3.431053024947622, "whole_seats": 3.622810004814273}, "E_18_SEN": {"fractional_seats": 4.861377405486634, "whole_seats": 5.000000000000002}, "E_18_AG": {"fractional_seats": 3.8194272891948553, "whole_seats": 3.9424835771160076}, "E_16_SEN": {"fractional_seats": 4.989173837161012, "whole_seats": 5.000000000000002}, "E_16_PRES": {"fractional_seats": 4.5203009673965795, "whole_seats": 4.715942621405102}, "E_12_PRES": {"fractional_seats": 4.747421840894273, "whole_seats": 4.986400232505}, "E_08_PRES": {"fractional_seats": 4.9340461318087545, "whole_seats": 5.000000000000002}}}
