{"geographic_baseline": {"E_16-20_COMP": {"fractional_seats": 119.87033083114517, "whole_seats": 124.13355892382141}, "E_20_PRES": {"fractional_seats": 127.79988264051677, "whole_seats": 132.0335024614913}, "E_18_GOV": {"fractional_seats": 85.41785436089265, "whole_seats": 83.75383172894536}, "E_18_SEN": {"fractional_seats": 130.12316582307886, "whole_seats": 134.1540469014494}, "E_18_AG": {"fractional_seats": 92.62775808152539, "whole_seats": 91.53074562444678}, "E_16_SEN": {"fractional_seats": 145.0735892078386, "whole_seats": 147.41915903297436}, "E_16_PRES": {"fractional_seats": 109.62854956836975, "whole_seats": 109.78255735530011}, "E_12_PRES": {"fractional_seats": 123.04385797342843, "whole_seats": 127.29267370763384}, "E_08_PRES": {"fractional_seats": 137.61065267942283, "whole_seats": 141.5983661975893}}}
