{"geographic_baseline": {"E_16-20_COMP": {"fractional_seats": 30.166042063843, "whole_seats": 30.87351439733955}, "E_20_PRES": {"fractional_seats": 31.65630739991247, "whole_seats": 32.3574642312804}, "E_18_GOV": {"fractional_seats": 21.99072513295463, "whole_seats": 22.07200666455166}, "E_18_SEN": {"fractional_seats": 32.30011080918818, "whole_seats": 32.84185444920947}, "E_18_AG": {"fractional_seats": 23.675767909209842, "whole_seats": 23.73557992026502}, "E_16_SEN": {"fractional_seats": 35.344448103006265, "whole_seats": 36.00000000000006}, "E_16_PRES": {"fractional_seats": 27.906650250286898, "whole_seats": 28.152786621201045}, "E_12_PRES": {"fractional_seats": 31.45189025879714, "whole_seats": 32.43196122846061}, "E_08_PRES": {"fractional_seats": 34.038432550159534, "whole_seats": 35.034833596972156}}}
