{"geographic_baseline": {"E_16-22_COMP": {"fractional_seats": 31.250887895774177, "whole_seats": 31.36378981522262}, "E_16-20_COMP": {"fractional_seats": 30.806996399088884, "whole_seats": 31.029187391660976}, "E_24_PRES": {"fractional_seats": 30.876983964413753, "whole_seats": 31.233535498834282}, "E_20_LTG": {"fractional_seats": 30.852261995661255, "whole_seats": 30.670439255395227}, "E_20_SEN": {"fractional_seats": 31.447309753977564, "whole_seats": 31.36378981522262}, "E_20_GOV": {"fractional_seats": 31.35113336257053, "whole_seats": 31.36378981522262}, "E_20_PRES": {"fractional_seats": 30.838753016639856, "whole_seats": 31.029187391660976}, "E_18_SEN": {"fractional_seats": 31.06566185167726, "whole_seats": 31.213531417811843}, "E_18_AG": {"fractional_seats": 32.29592100482571, "whole_seats": 31.686795670075597}, "E_16_GOV": {"fractional_seats": 30.61277611621052, "whole_seats": 29.848573864485807}, "E_16_LTG": {"fractional_seats": 31.944863159038515, "whole_seats": 30.978203905659694}, "E_16_PRES": {"fractional_seats": 27.599392539806537, "whole_seats": 27.921596891957954}, "E_08_PRES": {"fractional_seats": 31.47194368090324, "whole_seats": 31.018709063506368}}}
