{"geographic_baseline": {"E_16-22_COMP": {"fractional_seats": 16.092145105992145, "whole_seats": 16.21603356944}, "E_16-20_COMP": {"fractional_seats": 15.850689339685054, "whole_seats": 16.00402849442596}, "E_24_PRES": {"fractional_seats": 15.880421516517393, "whole_seats": 16.100209303923027}, "E_20_LTG": {"fractional_seats": 15.87726936591609, "whole_seats": 15.824119044636678}, "E_20_SEN": {"fractional_seats": 16.193612005787323, "whole_seats": 16.21603356944}, "E_20_GOV": {"fractional_seats": 16.144974015197842, "whole_seats": 16.21603356944}, "E_20_PRES": {"fractional_seats": 15.86327021279706, "whole_seats": 16.00402849442596}, "E_18_SEN": {"fractional_seats": 16.014113870380278, "whole_seats": 16.056743384500994}, "E_18_AG": {"fractional_seats": 16.66280734994809, "whole_seats": 16.566306513069364}, "E_16_GOV": {"fractional_seats": 15.735324067068579, "whole_seats": 15.475967424551586}, "E_16_LTG": {"fractional_seats": 16.478789618609344, "whole_seats": 16.240407576963626}, "E_16_PRES": {"fractional_seats": 14.183985541986871, "whole_seats": 14.180856974305717}, "E_08_PRES": {"fractional_seats": 16.306845627192438, "whole_seats": 16.024732612218003}}}
