{"geographic_baseline": {"E_16-22_COMP": {"fractional_seats": 11.358887287300314, "whole_seats": 11.568967063012318}, "E_16-20_COMP": {"fractional_seats": 13.447576590492739, "whole_seats": 13.38036075181259}, "E_22_GOV": {"fractional_seats": 7.367551757902715, "whole_seats": 7.631224670860187}, "E_22_SEN": {"fractional_seats": 8.624529893688534, "whole_seats": 8.700834104560432}, "E_22_TREAS": {"fractional_seats": 7.670996536807356, "whole_seats": 7.930693888023175}, "E_22_AG": {"fractional_seats": 6.889132657597105, "whole_seats": 6.987267962712002}, "E_22_CONG": {"fractional_seats": 9.544058789240646, "whole_seats": 10.102970876796634}, "E_20_PRES": {"fractional_seats": 13.378958579940978, "whole_seats": 13.419622552260318}, "E_18_AG": {"fractional_seats": 12.301069380471127, "whole_seats": 12.052114321414349}, "E_18_TREAS": {"fractional_seats": 13.28808747075279, "whole_seats": 13.288719983720084}, "E_18_SEN": {"fractional_seats": 14.831043211776976, "whole_seats": 14.541405550987184}, "E_18_GOV": {"fractional_seats": 14.697111884123103, "whole_seats": 14.453705133120078}, "E_16_SEN": {"fractional_seats": 11.381558055674317, "whole_seats": 11.57238740660948}, "E_16_PRES": {"fractional_seats": 14.222515843426157, "whole_seats": 14.214249880920804}, "E_12_PRES": {"fractional_seats": 14.764964898104576, "whole_seats": 14.080751179289141}, "E_08_PRES": {"fractional_seats": 15.808936659826228, "whole_seats": 15.263581656153312}}}
