{"geographic_baseline": {"E_16-22_COMP": {"fractional_seats": 50.1566088792576, "whole_seats": 49.24359882287219}, "E_16-20_COMP": {"fractional_seats": 57.49038173683616, "whole_seats": 55.66251235538076}, "E_22_GOV": {"fractional_seats": 35.464582779065466, "whole_seats": 35.054677536229114}, "E_22_SEN": {"fractional_seats": 40.18668636443495, "whole_seats": 39.811228308120896}, "E_22_TREAS": {"fractional_seats": 36.71884136814585, "whole_seats": 36.51465000280671}, "E_22_AG": {"fractional_seats": 34.457851942537225, "whole_seats": 34.820574266534216}, "E_22_CONG": {"fractional_seats": 41.70213359699506, "whole_seats": 41.18445252611101}, "E_20_PRES": {"fractional_seats": 58.12038652698045, "whole_seats": 57.49865018815193}, "E_18_AG": {"fractional_seats": 53.62380493565844, "whole_seats": 52.795452096316254}, "E_18_TREAS": {"fractional_seats": 57.29530524519582, "whole_seats": 55.61253600407507}, "E_18_SEN": {"fractional_seats": 62.39189847513097, "whole_seats": 61.46861107668913}, "E_18_GOV": {"fractional_seats": 62.287708968182805, "whole_seats": 61.5054442604664}, "E_16_SEN": {"fractional_seats": 49.968834526006816, "whole_seats": 48.95764717801}, "E_16_PRES": {"fractional_seats": 60.74704737750887, "whole_seats": 58.73448679779786}, "E_12_PRES": {"fractional_seats": 63.55616159794682, "whole_seats": 61.652871711068435}, "E_08_PRES": {"fractional_seats": 66.67630804973112, "whole_seats": 64.20655183279828}}}
