{"geographic_baseline": {"E_16-22_COMP": {"fractional_seats": 16.526546657784305, "whole_seats": 16.398936456443614}, "E_16-20_COMP": {"fractional_seats": 19.37667201287886, "whole_seats": 19.137629364997135}, "E_22_GOV": {"fractional_seats": 10.955381839167538, "whole_seats": 10.959258548549121}, "E_22_SEN": {"fractional_seats": 12.771181911731246, "whole_seats": 13.230506355989942}, "E_22_TREAS": {"fractional_seats": 11.359397523776854, "whole_seats": 11.514963631804271}, "E_22_AG": {"fractional_seats": 10.276131366370112, "whole_seats": 10.335087164021722}, "E_22_CONG": {"fractional_seats": 13.673475418603656, "whole_seats": 13.82914727223791}, "E_20_PRES": {"fractional_seats": 19.282751155260524, "whole_seats": 19.243222282358285}, "E_18_AG": {"fractional_seats": 17.82364621609245, "whole_seats": 17.918416252955748}, "E_18_TREAS": {"fractional_seats": 19.110490234991403, "whole_seats": 18.854184894949597}, "E_18_SEN": {"fractional_seats": 21.331799677880085, "whole_seats": 20.845345989428044}, "E_18_GOV": {"fractional_seats": 21.0304479152967, "whole_seats": 20.515039636344547}, "E_16_SEN": {"fractional_seats": 16.552345169165235, "whole_seats": 16.535126192376346}, "E_16_PRES": {"fractional_seats": 20.470816570222656, "whole_seats": 20.469561342373016}, "E_12_PRES": {"fractional_seats": 21.305345143591005, "whole_seats": 20.07371001096796}, "E_08_PRES": {"fractional_seats": 22.96772048304215, "whole_seats": 23.17193921661101}}}
