{"geographic_baseline": {"E_16-22_COMP": {"fractional_seats": 5.843699027078002, "whole_seats": 5.690032065249251}, "E_16-20_COMP": {"fractional_seats": 5.581361706223546, "whole_seats": 5.44001647512283}, "E_22_GOV": {"fractional_seats": 5.301013265374202, "whole_seats": 5.2455138711049445}, "E_22_CONG": {"fractional_seats": 5.628531225663941, "whole_seats": 5.566533805182048}, "E_22_SOS": {"fractional_seats": 5.067942216458703, "whole_seats": 5.0308161720582385}, "E_22_SEN": {"fractional_seats": 6.449295744546407, "whole_seats": 6.197752071806435}, "E_22_AG": {"fractional_seats": 5.582231999256976, "whole_seats": 5.52624555774751}, "E_22_LTG": {"fractional_seats": 5.644391621665609, "whole_seats": 5.572185085980948}, "E_21_SEN_ROFF": {"fractional_seats": 6.412012255519106, "whole_seats": 6.045685045091869}, "E_20_SEN_SPEC": {"fractional_seats": 6.166680502905845, "whole_seats": 5.883520470862892}, "E_21_SEN_SPECROFF": {"fractional_seats": 6.5561713124068035, "whole_seats": 6.1675195492717}, "E_20_PRES": {"fractional_seats": 6.412759466124266, "whole_seats": 6.1071969624832425}, "E_20_SEN": {"fractional_seats": 6.0475522999152656, "whole_seats": 5.841410325779495}, "E_18_AG": {"fractional_seats": 5.675819925524798, "whole_seats": 5.509617147570725}, "E_18_GOV": {"fractional_seats": 5.880984549726252, "whole_seats": 5.696783803595025}, "E_18_LTG": {"fractional_seats": 5.615181678177269, "whole_seats": 5.475969547161909}, "E_16_PRES": {"fractional_seats": 5.294663633413354, "whole_seats": 5.130744774880443}, "E_16_SEN": {"fractional_seats": 4.129177250513695, "whole_seats": 4.042066828803984}, "E_12_PRES": {"fractional_seats": 4.593269113972037, "whole_seats": 4.187120725831478}, "E_08_PRES": {"fractional_seats": 4.748236862275782, "whole_seats": 4.176921235693961}}}
