{"geographic_baseline": {"E_16-22_COMP": {"fractional_seats": 84.8250531912035, "whole_seats": 85.2714138321576}, "E_16-20_COMP": {"fractional_seats": 81.13543661313173, "whole_seats": 80.96522300228865}, "E_22_GOV": {"fractional_seats": 79.14289177641008, "whole_seats": 79.30856015566972}, "E_22_CONG": {"fractional_seats": 83.17216568265574, "whole_seats": 83.34505113374756}, "E_22_SOS": {"fractional_seats": 75.77686647621353, "whole_seats": 74.97413906094042}, "E_22_SEN": {"fractional_seats": 91.19616482159675, "whole_seats": 91.3370055082623}, "E_22_AG": {"fractional_seats": 82.36088167870146, "whole_seats": 82.44860579459791}, "E_22_LTG": {"fractional_seats": 83.02853872204639, "whole_seats": 83.63558760960227}, "E_21_SEN_ROFF": {"fractional_seats": 89.08485221357381, "whole_seats": 89.19888221594131}, "E_20_SEN_SPEC": {"fractional_seats": 87.45237634497663, "whole_seats": 87.69128525002266}, "E_21_SEN_SPECROFF": {"fractional_seats": 90.36244971951258, "whole_seats": 90.71672945660094}, "E_20_PRES": {"fractional_seats": 90.11851487287777, "whole_seats": 89.71267303640016}, "E_20_SEN": {"fractional_seats": 86.4379096812988, "whole_seats": 86.31364832483622}, "E_18_AG": {"fractional_seats": 81.60410865692566, "whole_seats": 81.72465913635553}, "E_18_GOV": {"fractional_seats": 83.96145297805256, "whole_seats": 84.00202652972743}, "E_18_LTG": {"fractional_seats": 81.37195568995264, "whole_seats": 81.49825409254821}, "E_16_PRES": {"fractional_seats": 77.56286588048954, "whole_seats": 77.01419579032984}, "E_16_SEN": {"fractional_seats": 63.410002193096055, "whole_seats": 62.86481736026856}, "E_12_PRES": {"fractional_seats": 66.89669009633053, "whole_seats": 66.1769667924705}, "E_08_PRES": {"fractional_seats": 68.82116683084556, "whole_seats": 67.33156782153091}}}
