{"geographic_baseline": {"E_16-22_COMP": {"fractional_seats": 26.893504721849396, "whole_seats": 26.987317665536317}, "E_16-20_COMP": {"fractional_seats": 25.757531931713245, "whole_seats": 25.709987053660267}, "E_22_GOV": {"fractional_seats": 24.543586878460307, "whole_seats": 24.018095002309572}, "E_22_CONG": {"fractional_seats": 26.202024615379006, "whole_seats": 26.406730901721694}, "E_22_SOS": {"fractional_seats": 23.222474604128053, "whole_seats": 22.714112929274602}, "E_22_SEN": {"fractional_seats": 29.212581339206732, "whole_seats": 29.308593016295493}, "E_22_AG": {"fractional_seats": 25.762672487538428, "whole_seats": 25.511868100435496}, "E_22_LTG": {"fractional_seats": 26.022205843053577, "whole_seats": 25.940204863596648}, "E_21_SEN_ROFF": {"fractional_seats": 28.64337822369336, "whole_seats": 29.06106587173824}, "E_20_SEN_SPEC": {"fractional_seats": 27.904827526272506, "whole_seats": 28.06515440573237}, "E_21_SEN_SPECROFF": {"fractional_seats": 29.12009387872723, "whole_seats": 29.446905630630862}, "E_20_PRES": {"fractional_seats": 28.805132568867858, "whole_seats": 28.82691150820188}, "E_20_SEN": {"fractional_seats": 27.478559814293998, "whole_seats": 27.691505938997967}, "E_18_AG": {"fractional_seats": 26.03607056576453, "whole_seats": 25.898319515066756}, "E_18_GOV": {"fractional_seats": 26.875688348737288, "whole_seats": 27.139640855765357}, "E_18_LTG": {"fractional_seats": 25.812158353043355, "whole_seats": 25.526830140811494}, "E_16_PRES": {"fractional_seats": 24.75441552691528, "whole_seats": 24.883791757733515}, "E_16_SEN": {"fractional_seats": 19.063433050052517, "whole_seats": 18.576230490403763}, "E_12_PRES": {"fractional_seats": 21.062712361151448, "whole_seats": 21.089963057935144}, "E_08_PRES": {"fractional_seats": 21.69293297646053, "whole_seats": 21.9983763863543}}}
