{"geographic_baseline": {"E_16-22_COMP": {"fractional_seats": 1.9997713082471535, "whole_seats": 1.999999999999997}, "E_16-20_COMP": {"fractional_seats": 1.999952461959447, "whole_seats": 1.999999999999997}, "E_24_PRES": {"fractional_seats": 1.9779767387726837, "whole_seats": 1.999999999999997}, "E_22_SEN": {"fractional_seats": 1.999999842138637, "whole_seats": 1.999999999999997}, "E_22_CONG": {"fractional_seats": 1.9999959218383199, "whole_seats": 1.999999999999997}, "E_22_GOV": {"fractional_seats": 1.995208771310989, "whole_seats": 1.999999999999997}, "E_20_PRES": {"fractional_seats": 1.997495977953107, "whole_seats": 1.999999999999997}, "E_18_SEN": {"fractional_seats": 1.9999981778433467, "whole_seats": 1.999999999999997}, "E_18_GOV": {"fractional_seats": 1.9989876618799396, "whole_seats": 1.999999999999997}, "E_16_PRES": {"fractional_seats": 1.9999058792759956, "whole_seats": 1.999999999999997}, "E_16_SEN": {"fractional_seats": 1.9999999999476603, "whole_seats": 1.999999999999997}, "E_12_PRES": {"fractional_seats": 1.9999997299269652, "whole_seats": 1.999999999999997}, "E_08_PRES": {"fractional_seats": 1.9999998628900686, "whole_seats": 1.999999999999997}}}
