{"geographic_baseline": {"E_16-22_COMP": {"fractional_seats": 49.98363527375319, "whole_seats": 50.99999999999999}, "E_16-20_COMP": {"fractional_seats": 50.12201380642179, "whole_seats": 50.99999999999999}, "E_24_PRES": {"fractional_seats": 43.70017095667471, "whole_seats": 43.54382173492085}, "E_22_SEN": {"fractional_seats": 50.88479485941539, "whole_seats": 50.99999999999999}, "E_22_CONG": {"fractional_seats": 48.588164100117936, "whole_seats": 48.68857071981783}, "E_22_GOV": {"fractional_seats": 47.141321792374804, "whole_seats": 47.45021992467383}, "E_20_PRES": {"fractional_seats": 48.14985238080094, "whole_seats": 49.852871389589986}, "E_18_SEN": {"fractional_seats": 50.948337137570974, "whole_seats": 50.99999999999999}, "E_18_GOV": {"fractional_seats": 46.95423005538109, "whole_seats": 48.14642427424171}, "E_16_PRES": {"fractional_seats": 50.476908755660844, "whole_seats": 50.99999999999999}, "E_16_SEN": {"fractional_seats": 50.99990621359512, "whole_seats": 50.99999999999999}, "E_12_PRES": {"fractional_seats": 50.81504850056865, "whole_seats": 50.99999999999999}, "E_08_PRES": {"fractional_seats": 50.998773665460966, "whole_seats": 50.99999999999999}}}
