{"geographic_baseline": {"E_16-22_COMP": {"fractional_seats": 24.603161751218746, "whole_seats": 25.00000000000001}, "E_16-20_COMP": {"fractional_seats": 24.7281676757639, "whole_seats": 25.00000000000001}, "E_24_PRES": {"fractional_seats": 21.96629015533343, "whole_seats": 21.904717403150343}, "E_22_SEN": {"fractional_seats": 24.966433383873973, "whole_seats": 25.00000000000001}, "E_22_CONG": {"fractional_seats": 24.08393504391679, "whole_seats": 24.095683896676295}, "E_22_GOV": {"fractional_seats": 23.35035584779354, "whole_seats": 23.826421333208735}, "E_20_PRES": {"fractional_seats": 23.849778884996912, "whole_seats": 25.00000000000001}, "E_18_SEN": {"fractional_seats": 24.989091328987072, "whole_seats": 25.00000000000001}, "E_18_GOV": {"fractional_seats": 23.27973141487376, "whole_seats": 23.87405850869014}, "E_16_PRES": {"fractional_seats": 24.8273132833791, "whole_seats": 25.00000000000001}, "E_16_SEN": {"fractional_seats": 24.999998134024548, "whole_seats": 25.00000000000001}, "E_12_PRES": {"fractional_seats": 24.99835311750833, "whole_seats": 25.00000000000001}, "E_08_PRES": {"fractional_seats": 24.99979128264863, "whole_seats": 25.00000000000001}}}
