{"geographic_baseline": {"E_16-22_COMP": {"fractional_seats": 1.783501152705574, "whole_seats": 2.283472538756487}, "E_16-20_COMP": {"fractional_seats": 1.8706202013627473, "whole_seats": 2.34225320017841}, "E_24_PRES": {"fractional_seats": 1.5101380340529744, "whole_seats": 1.829420985472214}, "E_20_SEN": {"fractional_seats": 2.233621455747517, "whole_seats": 2.5588011919624334}, "E_20_PRES": {"fractional_seats": 2.1989687296509914, "whole_seats": 2.5391558155185163}, "E_18_AG": {"fractional_seats": 3.9999999999999982, "whole_seats": 3.9999999999999982}, "E_18_AUD": {"fractional_seats": 3.1601533854936386, "whole_seats": 3.312954708373856}, "E_18_GOV": {"fractional_seats": 2.7190008661428626, "whole_seats": 3.003754111201556}, "E_18_TREAS": {"fractional_seats": 3.513225442353515, "whole_seats": 3.4493100954779794}, "E_18_SOS": {"fractional_seats": 1.9996070177200114, "whole_seats": 2.45249373975236}, "E_16_PRES": {"fractional_seats": 1.9516396421058066, "whole_seats": 2.3526444746673487}, "E_16_SEN": {"fractional_seats": 0.09995890683735456, "whole_seats": 0.0}, "E_12_PRES": {"fractional_seats": 3.1008324699714236, "whole_seats": 3.300391898241235}, "E_08_PRES": {"fractional_seats": 3.331330765991032, "whole_seats": 3.401825932987684}}}
