{"geographic_baseline": {"E_16-22_COMP": {"fractional_seats": 39.244338932440606, "whole_seats": 37.192296565068176}, "E_16-20_COMP": {"fractional_seats": 39.79133739897239, "whole_seats": 38.641078821916814}, "E_24_PRES": {"fractional_seats": 37.256351085303606, "whole_seats": 36.67860990374468}, "E_20_SEN": {"fractional_seats": 45.433547803017355, "whole_seats": 46.01771769973946}, "E_20_PRES": {"fractional_seats": 44.10335823479536, "whole_seats": 44.65602568229567}, "E_18_AG": {"fractional_seats": 100.00000000000003, "whole_seats": 100.00000000000003}, "E_18_AUD": {"fractional_seats": 63.078995565446455, "whole_seats": 65.40212119663897}, "E_18_GOV": {"fractional_seats": 49.76836943592212, "whole_seats": 49.21026376572742}, "E_18_TREAS": {"fractional_seats": 74.71845027886224, "whole_seats": 76.00885665576614}, "E_18_SOS": {"fractional_seats": 42.214952113034286, "whole_seats": 40.13081245460948}, "E_16_PRES": {"fractional_seats": 39.79983109077106, "whole_seats": 39.24309382394323}, "E_16_SEN": {"fractional_seats": 18.846198977024333, "whole_seats": 18.724981342283616}, "E_12_PRES": {"fractional_seats": 64.29946250582378, "whole_seats": 65.25044595154978}, "E_08_PRES": {"fractional_seats": 71.72653591291844, "whole_seats": 72.60523782672163}}}
