{"geographic_baseline": {"E_16-22_COMP": {"fractional_seats": 19.806385325497022, "whole_seats": 19.56160870419691}, "E_16-20_COMP": {"fractional_seats": 19.999346517152702, "whole_seats": 19.27396172668427}, "E_24_PRES": {"fractional_seats": 19.202077103004708, "whole_seats": 19.45994334824592}, "E_20_SEN": {"fractional_seats": 22.73001740762559, "whole_seats": 21.573570329952428}, "E_20_PRES": {"fractional_seats": 22.380696472291145, "whole_seats": 22.15251590019837}, "E_18_AG": {"fractional_seats": 50.000000000000014, "whole_seats": 50.000000000000014}, "E_18_AUD": {"fractional_seats": 31.463645125566075, "whole_seats": 32.3195451685996}, "E_18_GOV": {"fractional_seats": 24.82745760997941, "whole_seats": 23.902203788966116}, "E_18_TREAS": {"fractional_seats": 38.04059340981556, "whole_seats": 39.46836557150598}, "E_18_SOS": {"fractional_seats": 21.149317656084502, "whole_seats": 20.143641691603694}, "E_16_PRES": {"fractional_seats": 20.106972608195463, "whole_seats": 19.74006768496058}, "E_16_SEN": {"fractional_seats": 9.248115391472687, "whole_seats": 9.20644289108878}, "E_12_PRES": {"fractional_seats": 33.22744743136801, "whole_seats": 34.070886471126094}, "E_08_PRES": {"fractional_seats": 36.84309113675237, "whole_seats": 37.23349869560542}}}
