{"geographic_baseline": {"E_16-20_COMP": {"fractional_seats": 0.004996540842359094, "whole_seats": 0.0}, "E_20_SEN": {"fractional_seats": 0.013772516559179744, "whole_seats": 0.0}, "E_20_PRES": {"fractional_seats": 0.009538750144323581, "whole_seats": 0.0}, "E_18_AG": {"fractional_seats": 0.003242200806381503, "whole_seats": 0.0}, "E_18_LTG": {"fractional_seats": 0.21180160516049704, "whole_seats": 0.0}, "E_18_GOV": {"fractional_seats": 0.10660436268655826, "whole_seats": 0.0}, "E_16_PRES": {"fractional_seats": 0.0006984612908331019, "whole_seats": 0.0}, "E_16_SEN": {"fractional_seats": 7.246178197521541e-05, "whole_seats": 0.0}, "E_12_PRES": {"fractional_seats": 0.002876616361048279, "whole_seats": 0.0}, "E_08_PRES": {"fractional_seats": 0.01731092067137422, "whole_seats": 0.0}}}
