{"geographic_baseline": {"E_16-20_COMP": {"fractional_seats": 4.353986806376442, "whole_seats": 3.910848531841013}, "E_20_SEN": {"fractional_seats": 4.898562393431454, "whole_seats": 4.650963565993478}, "E_20_PRES": {"fractional_seats": 4.759020379896956, "whole_seats": 4.473975398916647}, "E_18_AG": {"fractional_seats": 4.356088588332533, "whole_seats": 3.9453517089281416}, "E_18_LTG": {"fractional_seats": 7.263295247245072, "whole_seats": 6.929905073443291}, "E_18_GOV": {"fractional_seats": 6.641324445504691, "whole_seats": 6.491469224721139}, "E_16_PRES": {"fractional_seats": 3.8130790648603385, "whole_seats": 3.7227653000968943}, "E_16_SEN": {"fractional_seats": 2.935142023981881, "whole_seats": 3.0228817697294224}, "E_12_PRES": {"fractional_seats": 3.8228875698725684, "whole_seats": 3.7920571190567585}, "E_08_PRES": {"fractional_seats": 4.444030590448622, "whole_seats": 3.9381579963308253}}}
