{"geographic_baseline": {"E_16-22_COMP": {"fractional_seats": 11.644279314077675, "whole_seats": 11.66368442462635}, "E_16-20_COMP": {"fractional_seats": 11.481590373879694, "whole_seats": 11.487054369058765}, "E_22_CMPTR": {"fractional_seats": 11.890365064716605, "whole_seats": 11.739357431035398}, "E_22_CONG": {"fractional_seats": 11.23833490884219, "whole_seats": 11.484199697670464}, "E_22_GOV": {"fractional_seats": 11.472466686174135, "whole_seats": 11.627057325544737}, "E_22_AG": {"fractional_seats": 11.20355477552432, "whole_seats": 11.517299423344781}, "E_22_SOS": {"fractional_seats": 11.204558931182852, "whole_seats": 11.553155635102852}, "E_22_SEN": {"fractional_seats": 11.835618761611363, "whole_seats": 11.707922211638854}, "E_22_TREAS": {"fractional_seats": 10.95775985324502, "whole_seats": 11.222135822276195}, "E_20_SEN": {"fractional_seats": 11.94390935307667, "whole_seats": 11.734372536586942}, "E_20_PRES": {"fractional_seats": 11.88853841346905, "whole_seats": 11.742065487881097}, "E_18_AG": {"fractional_seats": 10.503802464081945, "whole_seats": 11.032952642839357}, "E_18_GOV": {"fractional_seats": 11.081028855969633, "whole_seats": 11.018624222517593}, "E_16_PRES": {"fractional_seats": 11.529392437522434, "whole_seats": 11.544012460323957}, "E_16_SEN": {"fractional_seats": 11.34102219067321, "whole_seats": 12.018317803196751}, "E_12_PRES": {"fractional_seats": 11.462451071893712, "whole_seats": 11.54215224685133}, "E_08_PRES": {"fractional_seats": 14.95274268349643, "whole_seats": 15.686557932295607}}}
