{"geographic_baseline": {"E_16-22_COMP": {"fractional_seats": 85.48865129365888, "whole_seats": 87.0957341060781}, "E_16-20_COMP": {"fractional_seats": 83.64965333603038, "whole_seats": 84.69272604551729}, "E_22_CMPTR": {"fractional_seats": 88.10524067116773, "whole_seats": 89.50606852304}, "E_22_CONG": {"fractional_seats": 83.07923320076104, "whole_seats": 85.35678588454331}, "E_22_GOV": {"fractional_seats": 84.63143170281737, "whole_seats": 86.52859767970473}, "E_22_AG": {"fractional_seats": 82.30526285470943, "whole_seats": 84.9270773528491}, "E_22_SOS": {"fractional_seats": 81.55084547872553, "whole_seats": 83.43788835097689}, "E_22_SEN": {"fractional_seats": 87.24010744106745, "whole_seats": 88.9204343130945}, "E_22_TREAS": {"fractional_seats": 81.10913563910783, "whole_seats": 82.97300778270733}, "E_20_SEN": {"fractional_seats": 86.9292656131214, "whole_seats": 88.05914767038571}, "E_20_PRES": {"fractional_seats": 86.74657836401056, "whole_seats": 88.36220371530683}, "E_18_AG": {"fractional_seats": 76.81364761098007, "whole_seats": 78.25072671174122}, "E_18_GOV": {"fractional_seats": 80.89490160228658, "whole_seats": 82.33948747583202}, "E_16_PRES": {"fractional_seats": 83.41634095531359, "whole_seats": 84.22476021088133}, "E_16_SEN": {"fractional_seats": 80.432105383807, "whole_seats": 81.75519328456203}, "E_12_PRES": {"fractional_seats": 80.89171411532163, "whole_seats": 82.22518526427447}, "E_08_PRES": {"fractional_seats": 99.24007482812121, "whole_seats": 103.11179388141628}}}
