{"geographic_baseline": {"E_16-22_COMP": {"fractional_seats": 42.10329410345278, "whole_seats": 42.17364796962469}, "E_16-20_COMP": {"fractional_seats": 41.41075119755922, "whole_seats": 41.26486203950074}, "E_22_CMPTR": {"fractional_seats": 43.718704588682215, "whole_seats": 43.92414982296981}, "E_22_CONG": {"fractional_seats": 40.28275955803109, "whole_seats": 40.580071052443415}, "E_22_GOV": {"fractional_seats": 41.350715881600834, "whole_seats": 41.30805576862858}, "E_22_AG": {"fractional_seats": 39.72852968912803, "whole_seats": 40.15823685729601}, "E_22_SOS": {"fractional_seats": 39.81394477747612, "whole_seats": 40.38835167946822}, "E_22_SEN": {"fractional_seats": 43.193936924646586, "whole_seats": 43.217872488352796}, "E_22_TREAS": {"fractional_seats": 39.72018561630451, "whole_seats": 39.951358235249444}, "E_20_SEN": {"fractional_seats": 43.31114807923377, "whole_seats": 43.91023389019546}, "E_20_PRES": {"fractional_seats": 43.07876271475106, "whole_seats": 43.22605535153621}, "E_18_AG": {"fractional_seats": 37.29999205455654, "whole_seats": 38.20636151017427}, "E_18_GOV": {"fractional_seats": 40.28483993929811, "whole_seats": 41.06813716721192}, "E_16_PRES": {"fractional_seats": 41.2395950907522, "whole_seats": 40.76906894419109}, "E_16_SEN": {"fractional_seats": 39.80086684164771, "whole_seats": 40.09443170689145}, "E_12_PRES": {"fractional_seats": 40.63870788279356, "whole_seats": 41.989770699070014}, "E_08_PRES": {"fractional_seats": 50.63596752692071, "whole_seats": 52.17319427234694}}}
