{"geographic_baseline": {"E_16-20_COMP": {"fractional_seats": 3.112469970821336, "whole_seats": 3.21117958690908}, "E_20_GOV": {"fractional_seats": 1.6001962763398239, "whole_seats": 1.1484127690579122}, "E_20_AG": {"fractional_seats": 2.7325871565218565, "whole_seats": 3.0613243361459843}, "E_20_PRES": {"fractional_seats": 2.9377603654298374, "whole_seats": 3.183590134769173}, "E_18_SEN": {"fractional_seats": 3.690658256999635, "whole_seats": 3.49832290132765}, "E_16_GOV": {"fractional_seats": 3.5378827025454647, "whole_seats": 3.392019751447492}, "E_16_AG": {"fractional_seats": 2.1105947245580934, "whole_seats": 2.045866438101793}, "E_16_PRES": {"fractional_seats": 2.7712020980374006, "whole_seats": 2.9391129179630524}, "E_16_SEN": {"fractional_seats": 3.0711861163292005, "whole_seats": 3.077225972687755}, "E_12_PRES": {"fractional_seats": 2.9629694939026945, "whole_seats": 2.991708088154671}, "E_08_PRES": {"fractional_seats": 4.614163515889885, "whole_seats": 3.9206878226720163}}}
