{"geographic_baseline": {"E_16-20_COMP": {"fractional_seats": 34.10781823531826, "whole_seats": 33.584829360368126}, "E_20_GOV": {"fractional_seats": 21.66500096950025, "whole_seats": 20.974580017944092}, "E_20_AG": {"fractional_seats": 31.814357392767608, "whole_seats": 30.449273807432526}, "E_20_PRES": {"fractional_seats": 33.94205980371254, "whole_seats": 33.241746257623596}, "E_18_SEN": {"fractional_seats": 41.41976191589347, "whole_seats": 41.49173063614209}, "E_16_GOV": {"fractional_seats": 38.58037562902376, "whole_seats": 38.34899804407261}, "E_16_AG": {"fractional_seats": 24.90233355131976, "whole_seats": 24.768404168400757}, "E_16_PRES": {"fractional_seats": 28.260038473142423, "whole_seats": 27.164503631847076}, "E_16_SEN": {"fractional_seats": 34.89481571633289, "whole_seats": 34.1311833065901}, "E_12_PRES": {"fractional_seats": 34.06096266361407, "whole_seats": 34.097155004002616}, "E_08_PRES": {"fractional_seats": 44.757600177563916, "whole_seats": 42.81927655445525}}}
