{"geographic_baseline": {"E_16-20_COMP": {"fractional_seats": 16.97261059522952, "whole_seats": 16.453435900640304}, "E_20_GOV": {"fractional_seats": 10.738223926370592, "whole_seats": 10.52069197857559}, "E_20_AG": {"fractional_seats": 16.222307105948705, "whole_seats": 15.995667544220582}, "E_20_PRES": {"fractional_seats": 17.04369177953082, "whole_seats": 16.087451116552753}, "E_18_SEN": {"fractional_seats": 21.074903871639446, "whole_seats": 20.278864076605387}, "E_16_GOV": {"fractional_seats": 19.75680471142822, "whole_seats": 18.5840291278733}, "E_16_AG": {"fractional_seats": 11.908814341980488, "whole_seats": 11.472357051654646}, "E_16_PRES": {"fractional_seats": 14.160488672641591, "whole_seats": 13.732365410620957}, "E_16_SEN": {"fractional_seats": 17.70027512020635, "whole_seats": 17.45802979517583}, "E_12_PRES": {"fractional_seats": 16.770677760120936, "whole_seats": 15.602905182912798}, "E_08_PRES": {"fractional_seats": 24.229291939460378, "whole_seats": 23.363907716540247}}}
