{"geographic_baseline": {"E_16-22_COMP": {"fractional_seats": 1.5281014681251335, "whole_seats": 1.5003703350715463}, "E_16-20_COMP": {"fractional_seats": 1.214152704112666, "whole_seats": 1.376331232044875}, "E_22_TREAS": {"fractional_seats": 1.4586503138174236, "whole_seats": 1.4822320857216753}, "E_22_GOV": {"fractional_seats": 2.5537922166215274, "whole_seats": 2.1875924135771387}, "E_22_SOS": {"fractional_seats": 1.0556875927955436, "whole_seats": 1.2297643198496873}, "E_22_AG": {"fractional_seats": 2.1977924539064326, "whole_seats": 2.149013574414204}, "E_22_CONG": {"fractional_seats": 1.5948857349943533, "whole_seats": 1.522172450882949}, "E_22_SEN": {"fractional_seats": 0.9377279078636809, "whole_seats": 1.1575081351178407}, "E_20_SEN": {"fractional_seats": 1.502142156081489, "whole_seats": 1.4903590344057598}, "E_20_PRES": {"fractional_seats": 1.3924708880601444, "whole_seats": 1.465809359129711}, "E_18_GOV": {"fractional_seats": 2.903694633273692, "whole_seats": 3.416614701757735}, "E_18_AG": {"fractional_seats": 1.0683429620250846, "whole_seats": 1.2333805329012755}, "E_18_TREAS": {"fractional_seats": 1.1915655970015113, "whole_seats": 1.3853132190559172}, "E_18_SOS": {"fractional_seats": 1.4999976080870225, "whole_seats": 1.7280651354037604}, "E_16_PRES": {"fractional_seats": 0.8186797310690583, "whole_seats": 0.9198156493798251}, "E_16_SEN": {"fractional_seats": 0.13406183421295087, "whole_seats": 0.0}, "E_12_PRES": {"fractional_seats": 0.25441534587538106, "whole_seats": 0.03540239900880908}, "E_08_PRES": {"fractional_seats": 0.7901582577462168, "whole_seats": 0.7006698707911825}}}
