{"geographic_baseline": {"E_16-22_COMP": {"fractional_seats": 51.51955507931095, "whole_seats": 50.52695310904463}, "E_16-20_COMP": {"fractional_seats": 44.04566628813911, "whole_seats": 43.73617200157937}, "E_22_TREAS": {"fractional_seats": 51.58148681835603, "whole_seats": 51.0797752120577}, "E_22_GOV": {"fractional_seats": 72.73373431792825, "whole_seats": 71.9656265742644}, "E_22_SOS": {"fractional_seats": 42.02023409098383, "whole_seats": 41.97252780916851}, "E_22_AG": {"fractional_seats": 65.7379497612692, "whole_seats": 64.48944476969788}, "E_22_CONG": {"fractional_seats": 51.754117337480466, "whole_seats": 51.18252787724481}, "E_22_SEN": {"fractional_seats": 37.7519263606406, "whole_seats": 37.650831552003474}, "E_20_SEN": {"fractional_seats": 52.15441659541407, "whole_seats": 52.089431835200934}, "E_20_PRES": {"fractional_seats": 49.7696325731716, "whole_seats": 49.32230043432681}, "E_18_GOV": {"fractional_seats": 75.29576391142692, "whole_seats": 74.9882568382643}, "E_18_AG": {"fractional_seats": 40.08064985197287, "whole_seats": 38.77468616825736}, "E_18_TREAS": {"fractional_seats": 42.923150834092475, "whole_seats": 41.731622802837414}, "E_18_SOS": {"fractional_seats": 50.833671234940596, "whole_seats": 50.69225087478049}, "E_16_PRES": {"fractional_seats": 36.67853280175178, "whole_seats": 36.70912358571488}, "E_16_SEN": {"fractional_seats": 23.139679090270164, "whole_seats": 22.048083992538857}, "E_12_PRES": {"fractional_seats": 30.631592523654046, "whole_seats": 28.81337903522268}, "E_08_PRES": {"fractional_seats": 36.46447803852919, "whole_seats": 35.27509632796439}}}
