{"geographic_baseline": {"E_16-22_COMP": {"fractional_seats": 16.743890496048373, "whole_seats": 17.206475417648083}, "E_16-20_COMP": {"fractional_seats": 14.208311326512396, "whole_seats": 13.754094789440002}, "E_22_TREAS": {"fractional_seats": 16.65482608850498, "whole_seats": 16.88996146881423}, "E_22_GOV": {"fractional_seats": 22.750557598084704, "whole_seats": 23.00235543997715}, "E_22_SOS": {"fractional_seats": 13.370689597413959, "whole_seats": 13.041785232889023}, "E_22_AG": {"fractional_seats": 21.39860127813933, "whole_seats": 21.708592590575524}, "E_22_CONG": {"fractional_seats": 16.62179019480117, "whole_seats": 16.881016243005135}, "E_22_SEN": {"fractional_seats": 11.93287399713837, "whole_seats": 11.438778983484685}, "E_20_SEN": {"fractional_seats": 16.761815608872013, "whole_seats": 17.071888572712275}, "E_20_PRES": {"fractional_seats": 16.167790792156662, "whole_seats": 16.726823423693254}, "E_18_GOV": {"fractional_seats": 23.55997811557114, "whole_seats": 23.274824022764733}, "E_18_AG": {"fractional_seats": 12.416821638921242, "whole_seats": 11.771331708578975}, "E_18_TREAS": {"fractional_seats": 13.404943441389083, "whole_seats": 12.569621631925061}, "E_18_SOS": {"fractional_seats": 15.752070300250823, "whole_seats": 15.40979209498005}, "E_16_PRES": {"fractional_seats": 11.834915018495668, "whole_seats": 11.469127397987663}, "E_16_SEN": {"fractional_seats": 7.471425174660373, "whole_seats": 7.236156684411883}, "E_12_PRES": {"fractional_seats": 9.541373221038516, "whole_seats": 9.29349054420194}, "E_08_PRES": {"fractional_seats": 11.277741827147851, "whole_seats": 10.672920609419032}}}
