{"geographic_baseline": {"E_16-22_COMP": {"fractional_seats": 1.7259310108644283, "whole_seats": 1.4178119221383119}, "E_16-20_COMP": {"fractional_seats": 1.709821680826359, "whole_seats": 1.4229572492207885}, "E_24_PRES": {"fractional_seats": 1.2100008189568938, "whole_seats": 1.2349077951350202}, "E_20_PRES": {"fractional_seats": 1.431620519796717, "whole_seats": 1.3532330071489513}, "E_20_SEN": {"fractional_seats": 1.6403778182742645, "whole_seats": 1.421817394152828}, "E_19_GOV": {"fractional_seats": 3.275438516302917, "whole_seats": 3.43199841272519}, "E_19_AG": {"fractional_seats": 1.694045880373126, "whole_seats": 1.4160475436744708}, "E_16_SEN": {"fractional_seats": 2.034119146425197, "whole_seats": 2.3096193469979807}, "E_16_PRES": {"fractional_seats": 1.1253194257242995, "whole_seats": 1.1775275442781317}, "E_12_PRES": {"fractional_seats": 1.140337361774179, "whole_seats": 1.1709560667543157}, "E_08_PRES": {"fractional_seats": 1.2877301204976637, "whole_seats": 1.2686080895975802}}}
