{"geographic_baseline": {"E_16-22_COMP": {"fractional_seats": 25.599103026559316, "whole_seats": 25.289690969666907}, "E_16-20_COMP": {"fractional_seats": 25.008488816350695, "whole_seats": 24.33486260929162}, "E_24_PRES": {"fractional_seats": 22.293233530379652, "whole_seats": 22.270983675393445}, "E_20_PRES": {"fractional_seats": 24.03001174095339, "whole_seats": 24.36600000532645}, "E_20_SEN": {"fractional_seats": 25.742418498094754, "whole_seats": 25.545359396125395}, "E_19_GOV": {"fractional_seats": 45.731151526140025, "whole_seats": 44.087401316869915}, "E_19_AG": {"fractional_seats": 25.847609090399146, "whole_seats": 24.332044042437428}, "E_16_SEN": {"fractional_seats": 25.592747227267665, "whole_seats": 22.711501261919015}, "E_16_PRES": {"fractional_seats": 18.7166948239853, "whole_seats": 18.485515229582262}, "E_12_PRES": {"fractional_seats": 17.264177329022814, "whole_seats": 16.382376100683654}, "E_08_PRES": {"fractional_seats": 20.00066279984144, "whole_seats": 18.67449236945155}}}
