{"geographic_baseline": {"E_16-22_COMP": {"fractional_seats": 9.686618799501598, "whole_seats": 9.407535027906}, "E_16-20_COMP": {"fractional_seats": 9.455335528133018, "whole_seats": 9.17038480761392}, "E_24_PRES": {"fractional_seats": 8.55825469082314, "whole_seats": 8.440414165096087}, "E_20_PRES": {"fractional_seats": 9.165644057476863, "whole_seats": 8.930527431535426}, "E_20_SEN": {"fractional_seats": 9.92350120556328, "whole_seats": 10.130488992497693}, "E_19_GOV": {"fractional_seats": 17.202063344024996, "whole_seats": 15.549055269654662}, "E_19_AG": {"fractional_seats": 9.385376616754755, "whole_seats": 8.795759987713684}, "E_16_SEN": {"fractional_seats": 9.523221488942307, "whole_seats": 8.851682573444723}, "E_16_PRES": {"fractional_seats": 7.0753031407228155, "whole_seats": 7.0609032374902}, "E_12_PRES": {"fractional_seats": 6.333817289064596, "whole_seats": 6.093849842737267}, "E_08_PRES": {"fractional_seats": 7.098426384409545, "whole_seats": 6.427867325841398}}}
