{"geographic_baseline": {"E_16-22_COMP": {"fractional_seats": 1.4283582902764573, "whole_seats": 1.3692642188074642}, "E_16-20_COMP": {"fractional_seats": 1.4128848118387365, "whole_seats": 1.3607171864053873}, "E_23_AG": {"fractional_seats": 0.5750438950027698, "whole_seats": 0.6549525876940335}, "E_23_LTG": {"fractional_seats": 8.736047738105124e-05, "whole_seats": 0.0}, "E_23_SOS": {"fractional_seats": 0.8549857198362029, "whole_seats": 1.01163886394245}, "E_23_GOV": {"fractional_seats": 0.6328290398606293, "whole_seats": 0.761301630806416}, "E_23_TREAS": {"fractional_seats": 0.7450855030651591, "whole_seats": 0.8576145127364945}, "E_23_AG_ROFF": {"fractional_seats": 1.1196967307469077, "whole_seats": 1.2049370544663451}, "E_22_CONG": {"fractional_seats": 1.302160537038323, "whole_seats": 1.348594183852871}, "E_22_SEN": {"fractional_seats": 1.2921578059226562, "whole_seats": 1.3224738860357028}, "E_20_SEN": {"fractional_seats": 1.2789776428780595, "whole_seats": 1.3149599689292502}, "E_20_PRES": {"fractional_seats": 1.5242021750673251, "whole_seats": 1.3799199915324043}, "E_19_GOV_ROFF": {"fractional_seats": 3.1023345965734292, "whole_seats": 2.970922699488189}, "E_19_AG": {"fractional_seats": 1.015164100991133, "whole_seats": 1.165057773516309}, "E_19_LTG": {"fractional_seats": 0.33748176121286366, "whole_seats": 0.012993807963790295}, "E_19_GOV": {"fractional_seats": 2.7520820652360083, "whole_seats": 2.8424647314147156}, "E_16_PRES": {"fractional_seats": 1.4320973293399197, "whole_seats": 1.373082365610743}, "E_16_SEN": {"fractional_seats": 1.1760442687945458, "whole_seats": 1.2339840828965531}, "E_16_SEN_ROFF": {"fractional_seats": 1.398453807529872, "whole_seats": 1.3421005003051891}, "E_12_PRES": {"fractional_seats": 1.4078229751764286, "whole_seats": 1.3624742553121592}, "E_08_PRES": {"fractional_seats": 1.199579409653524, "whole_seats": 1.283189741328283}}}
