{"geographic_baseline": {"E_16-22_COMP": {"fractional_seats": 30.16438680397673, "whole_seats": 29.982242525747928}, "E_16-20_COMP": {"fractional_seats": 29.89954514261493, "whole_seats": 29.551445041035866}, "E_23_AG": {"fractional_seats": 21.999142020633588, "whole_seats": 21.79666199846838}, "E_23_LTG": {"fractional_seats": 10.674778721116068, "whole_seats": 10.66288022324908}, "E_23_SOS": {"fractional_seats": 22.5711526183311, "whole_seats": 22.59164228619055}, "E_23_GOV": {"fractional_seats": 22.206845528741162, "whole_seats": 22.17730122030841}, "E_23_TREAS": {"fractional_seats": 23.086027719483845, "whole_seats": 23.096651456913712}, "E_23_AG_ROFF": {"fractional_seats": 24.350028431328482, "whole_seats": 24.010658993159165}, "E_22_CONG": {"fractional_seats": 18.329225064619887, "whole_seats": 18.423231396571342}, "E_22_SEN": {"fractional_seats": 26.516101202500018, "whole_seats": 26.332749862219114}, "E_20_SEN": {"fractional_seats": 27.624792983127183, "whole_seats": 27.487021113381434}, "E_20_PRES": {"fractional_seats": 32.614462754428175, "whole_seats": 32.50275722842564}, "E_19_GOV_ROFF": {"fractional_seats": 50.752165357687325, "whole_seats": 49.75656845129531}, "E_19_AG": {"fractional_seats": 23.636107308537554, "whole_seats": 23.67165676526277}, "E_19_LTG": {"fractional_seats": 20.58444498314523, "whole_seats": 20.12631294419182}, "E_19_GOV": {"fractional_seats": 44.32099352708676, "whole_seats": 43.306824508019666}, "E_16_PRES": {"fractional_seats": 31.11323531032419, "whole_seats": 30.9888343251913}, "E_16_SEN": {"fractional_seats": 26.081259722775485, "whole_seats": 25.676848856649272}, "E_16_SEN_ROFF": {"fractional_seats": 28.552183791586902, "whole_seats": 28.344648507854757}, "E_12_PRES": {"fractional_seats": 31.063531539965698, "whole_seats": 30.664507616004883}, "E_08_PRES": {"fractional_seats": 28.736336499073293, "whole_seats": 28.190589375959306}}}
