{"geographic_baseline": {"E_16-22_COMP": {"fractional_seats": 10.128776001811824, "whole_seats": 9.689200617378697}, "E_16-20_COMP": {"fractional_seats": 10.022150482078668, "whole_seats": 9.619988333440311}, "E_23_AG": {"fractional_seats": 7.1554239137610365, "whole_seats": 7.152318379855363}, "E_23_LTG": {"fractional_seats": 2.5047211430921608, "whole_seats": 2.434880780598902}, "E_23_SOS": {"fractional_seats": 7.563472137467572, "whole_seats": 7.71579646598137}, "E_23_GOV": {"fractional_seats": 7.263610376039879, "whole_seats": 7.421179550586254}, "E_23_TREAS": {"fractional_seats": 7.354496986250479, "whole_seats": 7.430850514528771}, "E_23_AG_ROFF": {"fractional_seats": 8.052745850415043, "whole_seats": 7.940481008348008}, "E_22_CONG": {"fractional_seats": 5.868453917517032, "whole_seats": 5.87921761483049}, "E_22_SEN": {"fractional_seats": 8.959634657825776, "whole_seats": 8.954031522039465}, "E_20_SEN": {"fractional_seats": 9.324954555272294, "whole_seats": 9.0892743009135}, "E_20_PRES": {"fractional_seats": 11.454660044590977, "whole_seats": 11.023672231076027}, "E_19_GOV_ROFF": {"fractional_seats": 19.26493583243157, "whole_seats": 18.652141148625887}, "E_19_AG": {"fractional_seats": 7.785730289009263, "whole_seats": 7.8911297862898335}, "E_19_LTG": {"fractional_seats": 6.459357442362229, "whole_seats": 6.311120352564543}, "E_19_GOV": {"fractional_seats": 15.654733039981023, "whole_seats": 14.96468214206968}, "E_16_PRES": {"fractional_seats": 10.471665931632044, "whole_seats": 9.846523337305905}, "E_16_SEN": {"fractional_seats": 8.959566530571536, "whole_seats": 8.795084415095072}, "E_16_SEN_ROFF": {"fractional_seats": 9.312348976797582, "whole_seats": 9.05576503883736}, "E_12_PRES": {"fractional_seats": 10.594073942924966, "whole_seats": 9.72643592183962}, "E_08_PRES": {"fractional_seats": 9.885045224149122, "whole_seats": 9.124826606454567}}}
