{"geographic_baseline": {"E_16-22_COMP": {"fractional_seats": 8.44012879568463, "whole_seats": 9.0}, "E_16-20_COMP": {"fractional_seats": 8.476428143356216, "whole_seats": 9.0}, "E_24_PRES": {"fractional_seats": 8.629760092258234, "whole_seats": 9.0}, "E_20_SEN": {"fractional_seats": 8.96475453231373, "whole_seats": 9.0}, "E_20_PRES": {"fractional_seats": 8.954131747075536, "whole_seats": 9.0}, "E_18_SEN": {"fractional_seats": 8.426393305313157, "whole_seats": 8.95875698105682}, "E_18_AG": {"fractional_seats": 8.994483759273885, "whole_seats": 9.0}, "E_18_GOV": {"fractional_seats": 1.1772229352806183, "whole_seats": 1.2267087221655688}, "E_16_PRES": {"fractional_seats": 8.80081740609651, "whole_seats": 9.0}, "E_14_SEN": {"fractional_seats": 8.62586787327533, "whole_seats": 9.0}, "E_14_GOV": {"fractional_seats": 3.9469859758046275, "whole_seats": 3.8665826353284083}, "E_12_PRES": {"fractional_seats": 8.674923517563512, "whole_seats": 9.0}, "E_08_PRES": {"fractional_seats": 8.876723823959919, "whole_seats": 9.0}}}
