{"geographic_baseline": {"E_16-22_COMP": {"fractional_seats": 137.3171579059054, "whole_seats": 140.14192201700288}, "E_16-20_COMP": {"fractional_seats": 137.12771621103204, "whole_seats": 140.18391397793215}, "E_24_PRES": {"fractional_seats": 141.13994620912266, "whole_seats": 143.16980413851303}, "E_20_SEN": {"fractional_seats": 153.92170740178528, "whole_seats": 156.40369011469153}, "E_20_PRES": {"fractional_seats": 153.00961623341996, "whole_seats": 155.7041882571305}, "E_18_SEN": {"fractional_seats": 135.43710874187593, "whole_seats": 137.4095995727976}, "E_18_AG": {"fractional_seats": 157.9467355033169, "whole_seats": 160.00000000000034}, "E_18_GOV": {"fractional_seats": 24.9362390955842, "whole_seats": 23.967941584516588}, "E_16_PRES": {"fractional_seats": 143.03656197926713, "whole_seats": 145.26000235849196}, "E_14_SEN": {"fractional_seats": 139.91126072124254, "whole_seats": 143.13541397430475}, "E_14_GOV": {"fractional_seats": 78.03057459841862, "whole_seats": 76.99814379031781}, "E_12_PRES": {"fractional_seats": 138.05231545796852, "whole_seats": 141.82403576030873}, "E_08_PRES": {"fractional_seats": 148.75179900845768, "whole_seats": 154.81953485368362}}}
