{"geographic_baseline": {"E_16-22_COMP": {"fractional_seats": 35.72059198903444, "whole_seats": 36.9442427271902}, "E_16-20_COMP": {"fractional_seats": 35.82495546296829, "whole_seats": 37.457272966380806}, "E_24_PRES": {"fractional_seats": 36.551721349341975, "whole_seats": 37.593872018688224}, "E_20_SEN": {"fractional_seats": 39.33907594411214, "whole_seats": 40.000000000000085}, "E_20_PRES": {"fractional_seats": 39.12898511768004, "whole_seats": 39.96707215746653}, "E_18_SEN": {"fractional_seats": 35.55722742229268, "whole_seats": 37.00837435207282}, "E_18_AG": {"fractional_seats": 39.84919080898531, "whole_seats": 40.000000000000085}, "E_18_GOV": {"fractional_seats": 4.792110438891304, "whole_seats": 4.708488023400563}, "E_16_PRES": {"fractional_seats": 37.55069121695535, "whole_seats": 38.71332193537999}, "E_14_SEN": {"fractional_seats": 36.356564440593885, "whole_seats": 37.67616033020028}, "E_14_GOV": {"fractional_seats": 19.18551353001926, "whole_seats": 19.525863534377415}, "E_12_PRES": {"fractional_seats": 36.219253110072614, "whole_seats": 38.215500979599156}, "E_08_PRES": {"fractional_seats": 38.28354023899899, "whole_seats": 39.79049539276219}}}
