{"geographic_baseline": {"E_16-22_COMP": {"fractional_seats": 7.009311898271268, "whole_seats": 7.155265860522461}, "E_16-20_COMP": {"fractional_seats": 6.934813938335489, "whole_seats": 7.03838746984082}, "E_24_PRES": {"fractional_seats": 7.340161090070272, "whole_seats": 7.373134598971966}, "E_20_PRES": {"fractional_seats": 7.461540182160683, "whole_seats": 7.411067495690621}, "E_18_GOV": {"fractional_seats": 4.286839327645944, "whole_seats": 4.429615633171129}, "E_18_AG": {"fractional_seats": 7.269718712910936, "whole_seats": 7.334104769391559}, "E_18_SEN": {"fractional_seats": 7.608745240663715, "whole_seats": 7.596319641314609}, "E_16_PRES": {"fractional_seats": 7.0217917904450875, "whole_seats": 7.090820083584471}, "E_16_SEN": {"fractional_seats": 7.014270457282635, "whole_seats": 7.145826021526822}, "E_12_PRES": {"fractional_seats": 7.086521241959754, "whole_seats": 7.1755325693224}, "E_08_PRES": {"fractional_seats": 7.048825424128593, "whole_seats": 7.143795335898456}}}
