{"geographic_baseline": {"E_16-22_COMP": {"fractional_seats": 47.92730113097606, "whole_seats": 47.44536477874199}, "E_16-20_COMP": {"fractional_seats": 47.121595772334175, "whole_seats": 46.58886532202811}, "E_24_PRES": {"fractional_seats": 51.380186636154676, "whole_seats": 51.20244579118385}, "E_20_PRES": {"fractional_seats": 52.39795257539254, "whole_seats": 52.097840065375635}, "E_18_GOV": {"fractional_seats": 32.41004285128699, "whole_seats": 32.76749539922784}, "E_18_AG": {"fractional_seats": 50.24224381557145, "whole_seats": 50.0159477784843}, "E_18_SEN": {"fractional_seats": 54.21860738210651, "whole_seats": 53.94477988818278}, "E_16_PRES": {"fractional_seats": 47.6374308589759, "whole_seats": 47.14686386635807}, "E_16_SEN": {"fractional_seats": 47.83295155324299, "whole_seats": 47.742748522637314}, "E_12_PRES": {"fractional_seats": 48.82683330572019, "whole_seats": 48.37595528347357}, "E_08_PRES": {"fractional_seats": 47.51794126900375, "whole_seats": 45.95485593528741}}}
