{"geographic_baseline": {"E_16-22_COMP": {"fractional_seats": 33.961218332853264, "whole_seats": 33.99512191884254}, "E_16-20_COMP": {"fractional_seats": 33.41683157788958, "whole_seats": 33.24033400763841}, "E_24_PRES": {"fractional_seats": 36.270706339363365, "whole_seats": 35.78938856677371}, "E_20_PRES": {"fractional_seats": 36.996890126515574, "whole_seats": 36.29922534782618}, "E_18_GOV": {"fractional_seats": 22.90048939650688, "whole_seats": 23.335646724159616}, "E_18_AG": {"fractional_seats": 35.52789852569891, "whole_seats": 35.277999632197286}, "E_18_SEN": {"fractional_seats": 38.23198431574311, "whole_seats": 38.07599983422978}, "E_16_PRES": {"fractional_seats": 33.83588479454793, "whole_seats": 33.493091556984204}, "E_16_SEN": {"fractional_seats": 33.80793321656257, "whole_seats": 33.96099736710216}, "E_12_PRES": {"fractional_seats": 34.482582053114164, "whole_seats": 33.99754145227699}, "E_08_PRES": {"fractional_seats": 33.700363460411914, "whole_seats": 32.8560086213484}}}
