{"geographic_baseline": {"E_16-20_COMP": {"fractional_seats": 1.284037799583884, "whole_seats": 1.2396027772415337}, "E_20_SEN": {"fractional_seats": 0.6871397636411077, "whole_seats": 0.9064086632084494}, "E_20_PRES": {"fractional_seats": 1.6322187123802019, "whole_seats": 1.6576585173217926}, "E_18_GOV": {"fractional_seats": 1.6986168026799884, "whole_seats": 1.948070956333831}, "E_18_SEN": {"fractional_seats": 4.9955609131376054e-09, "whole_seats": 0.0}, "E_16_PRES": {"fractional_seats": 1.3801458335484527, "whole_seats": 1.3041129393940938}, "E_12_PRES": {"fractional_seats": 1.9361479872988934, "whole_seats": 2.0000000000000018}, "E_08_PRES": {"fractional_seats": 1.9553166697074342, "whole_seats": 2.0000000000000018}}}
