{"geographic_baseline": {"E_16-20_COMP": {"fractional_seats": 72.00303463538054, "whole_seats": 70.2863863342922}, "E_20_SEN": {"fractional_seats": 55.08131561019443, "whole_seats": 52.591899051571595}, "E_20_PRES": {"fractional_seats": 88.22606008967821, "whole_seats": 84.99436638947589}, "E_18_GOV": {"fractional_seats": 86.46250972604847, "whole_seats": 83.1100238630199}, "E_18_SEN": {"fractional_seats": 9.749673468404325, "whole_seats": 9.072908095443271}, "E_16_PRES": {"fractional_seats": 76.09034258436093, "whole_seats": 72.38309285584782}, "E_12_PRES": {"fractional_seats": 123.72070403922191, "whole_seats": 130.6535120331719}, "E_08_PRES": {"fractional_seats": 128.90189580057014, "whole_seats": 134.7271101082754}}}
