{"geographic_baseline": {"E_16-20_COMP": {"fractional_seats": 17.58728351419533, "whole_seats": 17.339188862847458}, "E_20_SEN": {"fractional_seats": 11.448059686189822, "whole_seats": 10.679534542657256}, "E_20_PRES": {"fractional_seats": 22.48116548711636, "whole_seats": 22.63515343606201}, "E_18_GOV": {"fractional_seats": 22.035701770391178, "whole_seats": 22.784956094538956}, "E_18_SEN": {"fractional_seats": 2.063687518565001, "whole_seats": 2.1515988076564256}, "E_16_PRES": {"fractional_seats": 18.986990334292496, "whole_seats": 19.976882011276032}, "E_12_PRES": {"fractional_seats": 30.81630265452112, "whole_seats": 32.144423753210425}, "E_08_PRES": {"fractional_seats": 31.710081139495365, "whole_seats": 32.55647740426716}}}
