{"geographic_baseline": {"E_16-20_COMP": {"fractional_seats": 7.067856278201001, "whole_seats": 6.808796297352936}, "E_20_PRES": {"fractional_seats": 7.107216989660144, "whole_seats": 6.482100270398973}, "E_20_SEN": {"fractional_seats": 6.652574237510196, "whole_seats": 6.568673788724412}, "E_18_AG": {"fractional_seats": 6.663163570656431, "whole_seats": 6.594472980990695}, "E_18_GOV": {"fractional_seats": 8.82489282882664, "whole_seats": 8.485870217024727}, "E_18_SEN": {"fractional_seats": 7.839615568696075, "whole_seats": 7.381603124875028}, "E_16_PRES": {"fractional_seats": 5.906333304465807, "whole_seats": 5.300571053982455}, "E_12_PRES": {"fractional_seats": 8.08352039116896, "whole_seats": 7.884419694063833}, "E_08_PRES": {"fractional_seats": 10.382298319195044, "whole_seats": 10.763264598533096}}}
