{"geographic_baseline": {"E_16-20_COMP": {"fractional_seats": 57.11314698106301, "whole_seats": 55.932218560648465}, "E_20_PRES": {"fractional_seats": 56.893053141438955, "whole_seats": 55.2331733471887}, "E_20_SEN": {"fractional_seats": 55.42330109760116, "whole_seats": 54.3410859482534}, "E_18_AG": {"fractional_seats": 55.74636447697177, "whole_seats": 54.36404143120815}, "E_18_GOV": {"fractional_seats": 66.83750000994665, "whole_seats": 66.54933136561634}, "E_18_SEN": {"fractional_seats": 61.737682768946286, "whole_seats": 60.047078933896096}, "E_16_PRES": {"fractional_seats": 50.03522831188981, "whole_seats": 48.663298843711615}, "E_12_PRES": {"fractional_seats": 63.79849961718197, "whole_seats": 62.69094366355522}, "E_08_PRES": {"fractional_seats": 79.66694967914165, "whole_seats": 80.49796915472967}}}
