{"geographic_baseline": {"E_16-20_COMP": {"fractional_seats": 21.162490541710593, "whole_seats": 21.0375072526644}, "E_20_PRES": {"fractional_seats": 20.87234085027955, "whole_seats": 20.330105262990784}, "E_20_SEN": {"fractional_seats": 20.400037177329388, "whole_seats": 20.535378464793904}, "E_18_AG": {"fractional_seats": 20.69031830847179, "whole_seats": 20.273144843609888}, "E_18_GOV": {"fractional_seats": 24.62232745214254, "whole_seats": 24.397915579035715}, "E_18_SEN": {"fractional_seats": 22.906964630363476, "whole_seats": 22.25659333805743}, "E_16_PRES": {"fractional_seats": 18.871339193787993, "whole_seats": 18.481813091184566}, "E_12_PRES": {"fractional_seats": 23.73145455830382, "whole_seats": 23.031267108324574}, "E_08_PRES": {"fractional_seats": 29.694983152763395, "whole_seats": 30.995148616235763}}}
