{"geographic_baseline": {"E_16-22_COMP": {"fractional_seats": 4.998580580122269, "whole_seats": 4.913540257818543}, "E_16-20_COMP": {"fractional_seats": 5.048158365370094, "whole_seats": 4.991479531915741}, "E_24_PRES": {"fractional_seats": 4.833584935666929, "whole_seats": 4.733171716293746}, "E_22_SOS": {"fractional_seats": 5.153717120815493, "whole_seats": 5.1097896536822764}, "E_22_AUD": {"fractional_seats": 4.440389088620439, "whole_seats": 4.350290037981284}, "E_22_CONG": {"fractional_seats": 4.727799147129292, "whole_seats": 4.648350458267365}, "E_22_GOV": {"fractional_seats": 5.0786820324918835, "whole_seats": 5.054847337086483}, "E_22_AG": {"fractional_seats": 4.4676777513901085, "whole_seats": 4.352743383240212}, "E_20_SEN": {"fractional_seats": 4.811355878980939, "whole_seats": 4.689259639982092}, "E_20_PRES": {"fractional_seats": 4.951070955028113, "whole_seats": 4.79909941200323}, "E_18_SEN": {"fractional_seats": 6.87578664693393, "whole_seats": 6.708430079835347}, "E_18_SEN_SPEC": {"fractional_seats": 5.225615900894383, "whole_seats": 5.267880418344433}, "E_18_GOV": {"fractional_seats": 5.3439016907294175, "whole_seats": 5.456342195400541}, "E_18_AG": {"fractional_seats": 4.470432667814401, "whole_seats": 4.284388978591755}, "E_16_PRES": {"fractional_seats": 4.459158358676904, "whole_seats": 4.383199912240332}, "E_14_GOV": {"fractional_seats": 4.767361134931227, "whole_seats": 4.5609959460222}, "E_14_AG": {"fractional_seats": 0.0, "whole_seats": 0.0}, "E_14_SEN": {"fractional_seats": 5.647284996482637, "whole_seats": 5.476130177303265}, "E_12_PRES": {"fractional_seats": 5.0619281205524, "whole_seats": 5.168947518388698}, "E_08_PRES": {"fractional_seats": 5.556466799209256, "whole_seats": 5.548219274391599}}}
