{"geographic_baseline": {"E_16-22_COMP": {"fractional_seats": 78.94582562631992, "whole_seats": 80.4263843964436}, "E_16-20_COMP": {"fractional_seats": 79.47670977111832, "whole_seats": 81.20718500711634}, "E_24_PRES": {"fractional_seats": 76.0528108971828, "whole_seats": 76.36993607633671}, "E_22_SOS": {"fractional_seats": 81.32967617226633, "whole_seats": 82.23691850022081}, "E_22_AUD": {"fractional_seats": 69.44889964329427, "whole_seats": 69.77317946886474}, "E_22_CONG": {"fractional_seats": 74.69224412184673, "whole_seats": 75.13705963766883}, "E_22_GOV": {"fractional_seats": 80.45145773369367, "whole_seats": 81.68234365969695}, "E_22_AG": {"fractional_seats": 69.78803862346331, "whole_seats": 70.36246073333288}, "E_20_SEN": {"fractional_seats": 75.96255905192604, "whole_seats": 77.08139428517745}, "E_20_PRES": {"fractional_seats": 78.61712584963458, "whole_seats": 79.17681224233286}, "E_18_SEN": {"fractional_seats": 107.40448407849632, "whole_seats": 106.86741946981796}, "E_18_SEN_SPEC": {"fractional_seats": 81.30151038618382, "whole_seats": 82.04168899502909}, "E_18_GOV": {"fractional_seats": 82.79904541298009, "whole_seats": 83.70078755887575}, "E_18_AG": {"fractional_seats": 68.82393808907338, "whole_seats": 69.5894326709185}, "E_16_PRES": {"fractional_seats": 67.92437474537617, "whole_seats": 67.91140759983276}, "E_14_GOV": {"fractional_seats": 71.31462842147299, "whole_seats": 71.0320035384249}, "E_14_AG": {"fractional_seats": 0.0, "whole_seats": 0.0}, "E_14_SEN": {"fractional_seats": 84.03911460005985, "whole_seats": 84.22983744484797}, "E_12_PRES": {"fractional_seats": 75.507872762785, "whole_seats": 73.242248568035}, "E_08_PRES": {"fractional_seats": 83.21242308927734, "whole_seats": 83.82147339504775}}}
