{"geographic_baseline": {"E_16-22_COMP": {"fractional_seats": 39.71768592672153, "whole_seats": 40.04729173464467}, "E_16-20_COMP": {"fractional_seats": 40.151597754406495, "whole_seats": 40.85866593393414}, "E_24_PRES": {"fractional_seats": 38.02170438851322, "whole_seats": 37.97559061658514}, "E_22_SOS": {"fractional_seats": 40.87235252037692, "whole_seats": 41.371254924652405}, "E_22_AUD": {"fractional_seats": 34.41539693961317, "whole_seats": 34.358831359500236}, "E_22_CONG": {"fractional_seats": 37.14700688494816, "whole_seats": 37.44003621137594}, "E_22_GOV": {"fractional_seats": 40.39866535997263, "whole_seats": 40.827528776863595}, "E_22_AG": {"fractional_seats": 34.66233183746337, "whole_seats": 34.619094316054635}, "E_20_SEN": {"fractional_seats": 38.19131953719923, "whole_seats": 38.31757099893551}, "E_20_PRES": {"fractional_seats": 39.435403635923976, "whole_seats": 39.54842798397745}, "E_18_SEN": {"fractional_seats": 54.618299470404835, "whole_seats": 54.202710631080954}, "E_18_SEN_SPEC": {"fractional_seats": 41.50360631166729, "whole_seats": 42.584195129268444}, "E_18_GOV": {"fractional_seats": 42.364306066759234, "whole_seats": 44.02752916238927}, "E_18_AG": {"fractional_seats": 34.21624338666436, "whole_seats": 34.14704703097908}, "E_16_PRES": {"fractional_seats": 33.57439292153988, "whole_seats": 33.48568770947626}, "E_14_GOV": {"fractional_seats": 35.525696327663574, "whole_seats": 34.95791636686207}, "E_14_AG": {"fractional_seats": 0.0, "whole_seats": 0.0}, "E_14_SEN": {"fractional_seats": 42.65437747387257, "whole_seats": 43.18690810855145}, "E_12_PRES": {"fractional_seats": 38.17118373162711, "whole_seats": 38.06095949632123}, "E_08_PRES": {"fractional_seats": 42.45339934515055, "whole_seats": 43.14130015732946}}}
