{"geographic_baseline": {"E_16-20_COMP": {"fractional_seats": 3.3871768237559596, "whole_seats": 3.400781132080991}, "E_20_TREAS": {"fractional_seats": 2.973826380807598, "whole_seats": 2.9545801865923966}, "E_20_SOS": {"fractional_seats": 2.7744743745040443, "whole_seats": 2.8300201806264305}, "E_20_LTG": {"fractional_seats": 3.118907570665996, "whole_seats": 3.0669431070755966}, "E_20_GOV": {"fractional_seats": 3.336722791450819, "whole_seats": 3.337855141088103}, "E_20_AG": {"fractional_seats": 2.9453295314551307, "whole_seats": 2.929150095216613}, "E_20_PRES": {"fractional_seats": 3.459465774674023, "whole_seats": 3.489304885381812}, "E_18_SEN": {"fractional_seats": 3.8659874204622025, "whole_seats": 3.856214377035063}, "E_16_GOV": {"fractional_seats": 3.6186576878441348, "whole_seats": 3.5774231089862703}, "E_16_AG": {"fractional_seats": 2.8369995650502102, "whole_seats": 2.87743076140962}, "E_16_SEN": {"fractional_seats": 3.9358854415712474, "whole_seats": 3.8565718150687136}, "E_16_PRES": {"fractional_seats": 3.037209516561551, "whole_seats": 2.9996862668895528}, "E_16_LTG": {"fractional_seats": 3.330619923308509, "whole_seats": 3.3214896782456558}, "E_12_PRES": {"fractional_seats": 3.161489746063141, "whole_seats": 3.1826633455257607}, "E_08_PRES": {"fractional_seats": 3.7976141191997312, "whole_seats": 3.6010049207844226}}}
