{"geographic_baseline": {"E_16-20_COMP": {"fractional_seats": 52.00602251728423, "whole_seats": 50.49782247125182}, "E_20_TREAS": {"fractional_seats": 46.00359634677169, "whole_seats": 45.34271239902171}, "E_20_SOS": {"fractional_seats": 43.03922330514903, "whole_seats": 42.383538646281394}, "E_20_LTG": {"fractional_seats": 48.14640048300372, "whole_seats": 46.720657871199805}, "E_20_GOV": {"fractional_seats": 52.32443774518181, "whole_seats": 51.27700261563408}, "E_20_AG": {"fractional_seats": 45.20126294871576, "whole_seats": 44.45060913127446}, "E_20_PRES": {"fractional_seats": 54.99669503544116, "whole_seats": 54.50611665835085}, "E_18_SEN": {"fractional_seats": 60.903048942062405, "whole_seats": 59.65977017059385}, "E_16_GOV": {"fractional_seats": 55.35514637184299, "whole_seats": 52.15454028351008}, "E_16_AG": {"fractional_seats": 41.0721239984295, "whole_seats": 40.31232358605228}, "E_16_SEN": {"fractional_seats": 63.181990930712765, "whole_seats": 60.04072681449772}, "E_16_PRES": {"fractional_seats": 44.53680368298865, "whole_seats": 43.46573623380212}, "E_16_LTG": {"fractional_seats": 48.91709860128505, "whole_seats": 46.512502207586024}, "E_12_PRES": {"fractional_seats": 44.791312691291616, "whole_seats": 43.80198972755585}, "E_08_PRES": {"fractional_seats": 59.121244873023805, "whole_seats": 56.22284474207843}}}
