{"geographic_baseline": {"E_16-20_COMP": {"fractional_seats": 11.358263803976723, "whole_seats": 11.039069439324333}, "E_20_TREAS": {"fractional_seats": 9.629316559043724, "whole_seats": 9.700533216310287}, "E_20_SOS": {"fractional_seats": 8.911419590984917, "whole_seats": 9.010453275294058}, "E_20_LTG": {"fractional_seats": 10.109954623971834, "whole_seats": 10.20251399166812}, "E_20_GOV": {"fractional_seats": 11.348672895147189, "whole_seats": 10.965953214935782}, "E_20_AG": {"fractional_seats": 9.558020970277054, "whole_seats": 9.510042140319447}, "E_20_PRES": {"fractional_seats": 12.100785515940952, "whole_seats": 11.634478342748315}, "E_18_SEN": {"fractional_seats": 13.58366676740919, "whole_seats": 13.190153621992726}, "E_16_GOV": {"fractional_seats": 12.237063075496156, "whole_seats": 11.8370615474175}, "E_16_AG": {"fractional_seats": 8.605615319844604, "whole_seats": 8.601696238435862}, "E_16_SEN": {"fractional_seats": 13.851498605603492, "whole_seats": 13.156296766501837}, "E_16_PRES": {"fractional_seats": 9.601593664948572, "whole_seats": 9.463734093398228}, "E_16_LTG": {"fractional_seats": 10.653823219392148, "whole_seats": 10.522524526341806}, "E_12_PRES": {"fractional_seats": 9.37058962622458, "whole_seats": 9.053899868284086}, "E_08_PRES": {"fractional_seats": 12.786277578262053, "whole_seats": 12.278427006198148}}}
