{"geographic_baseline": {"E_16-22_COMP": {"fractional_seats": 0.8865259072662319, "whole_seats": 1.0958859330714874}, "E_16-20_COMP": {"fractional_seats": 0.9435437096401175, "whole_seats": 1.1343139231392925}, "E_23_AG": {"fractional_seats": 0.8185173134542437, "whole_seats": 1.0449187665194668}, "E_23_LTG": {"fractional_seats": 0.2131275088970197, "whole_seats": 0.09522236844282488}, "E_23_GOV": {"fractional_seats": 1.5588098049023804, "whole_seats": 1.4990279537996916}, "E_23_TREAS": {"fractional_seats": 0.6357057811713015, "whole_seats": 0.3266129263740431}, "E_23_AUD": {"fractional_seats": 0.47794571609428343, "whole_seats": 0.18697056238199775}, "E_23_SOS": {"fractional_seats": 0.5166430342120943, "whole_seats": 0.20561115653067474}, "E_22_CONG": {"fractional_seats": 0.22889676571436415, "whole_seats": 0.13018023631005388}, "E_20_SEN": {"fractional_seats": 1.096842053017623, "whole_seats": 1.2520738505220208}, "E_20_PRES": {"fractional_seats": 0.7702760872656715, "whole_seats": 0.8883782987013386}, "E_19_AG": {"fractional_seats": 0.786016887646292, "whole_seats": 0.9346218306346689}, "E_19_GOV": {"fractional_seats": 1.4852387522266008, "whole_seats": 1.4658422931442787}, "E_19_LTG": {"fractional_seats": 0.3053994318580339, "whole_seats": 0.11719935879057664}, "E_18_SEN_ROFF": {"fractional_seats": 1.287165909191893, "whole_seats": 1.4115792534239422}, "E_18_SEN": {"fractional_seats": 0.5187155054360425, "whole_seats": 0.2217744427323464}, "E_18_SEN_SPEC": {"fractional_seats": 0.7580902724869041, "whole_seats": 0.7522276691929402}, "E_16_PRES": {"fractional_seats": 0.6505264420246841, "whole_seats": 0.3835815537813221}, "E_12_PRES": {"fractional_seats": 0.9459950787165078, "whole_seats": 1.1237954951222093}, "E_08_PRES": {"fractional_seats": 0.7788879739098147, "whole_seats": 0.6666119605751433}}}
