{"geographic_baseline": {"E_16-22_COMP": {"fractional_seats": 43.514892564321606, "whole_seats": 43.307649836438905}, "E_16-20_COMP": {"fractional_seats": 44.234143759279306, "whole_seats": 44.15782032020622}, "E_23_AG": {"fractional_seats": 40.63175947197842, "whole_seats": 40.560992733207506}, "E_23_LTG": {"fractional_seats": 34.504028397050604, "whole_seats": 34.404796035766985}, "E_23_GOV": {"fractional_seats": 54.06559582527234, "whole_seats": 53.49642975214427}, "E_23_TREAS": {"fractional_seats": 40.52107045149577, "whole_seats": 40.74687997990056}, "E_23_AUD": {"fractional_seats": 39.57863051598988, "whole_seats": 39.88793423382261}, "E_23_SOS": {"fractional_seats": 38.165573261018025, "whole_seats": 38.047724648707565}, "E_22_CONG": {"fractional_seats": 29.83848954544645, "whole_seats": 28.524793509831387}, "E_20_SEN": {"fractional_seats": 49.04605116756726, "whole_seats": 48.68836877578911}, "E_20_PRES": {"fractional_seats": 42.788848858910505, "whole_seats": 42.2419704458783}, "E_19_AG": {"fractional_seats": 40.032524217054366, "whole_seats": 39.39239970296621}, "E_19_GOV": {"fractional_seats": 51.29026418939029, "whole_seats": 50.33424543921735}, "E_19_LTG": {"fractional_seats": 35.38655377169344, "whole_seats": 35.80681928315435}, "E_18_SEN_ROFF": {"fractional_seats": 50.17770086652966, "whole_seats": 50.81000473106385}, "E_18_SEN": {"fractional_seats": 36.74229170785804, "whole_seats": 36.144440290833806}, "E_18_SEN_SPEC": {"fractional_seats": 40.834425120693474, "whole_seats": 40.13042810218153}, "E_16_PRES": {"fractional_seats": 39.136969903240264, "whole_seats": 38.52937531384246}, "E_12_PRES": {"fractional_seats": 43.11231646706082, "whole_seats": 42.65444897289316}, "E_08_PRES": {"fractional_seats": 39.30666672941463, "whole_seats": 38.23841151070197}}}
