{"geographic_baseline": {"E_16-22_COMP": {"fractional_seats": 15.553612489903326, "whole_seats": 14.353229128359747}, "E_16-20_COMP": {"fractional_seats": 15.895634829404498, "whole_seats": 14.54182331350745}, "E_23_AG": {"fractional_seats": 14.157100035919214, "whole_seats": 13.585155603372739}, "E_23_LTG": {"fractional_seats": 11.129434690566077, "whole_seats": 10.205228213890026}, "E_23_GOV": {"fractional_seats": 21.637401722904855, "whole_seats": 21.447654206172395}, "E_23_TREAS": {"fractional_seats": 13.94967118774499, "whole_seats": 13.130817460968737}, "E_23_AUD": {"fractional_seats": 13.558422569468307, "whole_seats": 12.572401317133593}, "E_23_SOS": {"fractional_seats": 12.886909757716763, "whole_seats": 12.386441128985163}, "E_22_CONG": {"fractional_seats": 10.277292071247432, "whole_seats": 9.91599778339023}, "E_20_SEN": {"fractional_seats": 18.94152514776305, "whole_seats": 18.646012077889335}, "E_20_PRES": {"fractional_seats": 15.25367042466968, "whole_seats": 14.248729687408726}, "E_19_AG": {"fractional_seats": 13.896465471262035, "whole_seats": 13.15913292871089}, "E_19_GOV": {"fractional_seats": 19.667485577866206, "whole_seats": 17.95908322045982}, "E_19_LTG": {"fractional_seats": 11.82902701744829, "whole_seats": 11.435375052468903}, "E_18_SEN_ROFF": {"fractional_seats": 19.342564282912555, "whole_seats": 19.24603659432294}, "E_18_SEN": {"fractional_seats": 12.371299090931295, "whole_seats": 11.64203845703159}, "E_18_SEN_SPEC": {"fractional_seats": 14.315811240633648, "whole_seats": 13.545786128223664}, "E_16_PRES": {"fractional_seats": 13.514134713747284, "whole_seats": 12.708087282555967}, "E_12_PRES": {"fractional_seats": 15.714284126815523, "whole_seats": 14.53023372671067}, "E_08_PRES": {"fractional_seats": 14.386383401570923, "whole_seats": 13.294731094233287}}}
