{"geographic_baseline": {"E_16-22_COMP": {"fractional_seats": 0.38292722563753884, "whole_seats": 0.2867965597546635}, "E_16-20_COMP": {"fractional_seats": 0.3985292275725913, "whole_seats": 0.304724572851576}, "E_24_PRES": {"fractional_seats": 0.10122356709676325, "whole_seats": 0.0}, "E_22_CONG": {"fractional_seats": 0.13671070780008296, "whole_seats": 0.0}, "E_20_SOS": {"fractional_seats": 0.12511875190098523, "whole_seats": 0.0}, "E_20_GOV": {"fractional_seats": 0.3675425933710568, "whole_seats": 0.2859443381216999}, "E_20_AG": {"fractional_seats": 0.2128131287311573, "whole_seats": 0.0}, "E_20_PRES": {"fractional_seats": 0.20920006167330038, "whole_seats": 0.0}, "E_20_SEN": {"fractional_seats": 0.5501848495277705, "whole_seats": 0.4407055731052133}, "E_20_AUD": {"fractional_seats": 0.22538500465849898, "whole_seats": 0.0}, "E_18_SEN": {"fractional_seats": 1.5711321716429094, "whole_seats": 1.8529290507044196}, "E_16_AG": {"fractional_seats": 0.0005704468822670685, "whole_seats": 0.0}, "E_16_PRES": {"fractional_seats": 0.07854212585088917, "whole_seats": 0.0}, "E_16_GOV": {"fractional_seats": 1.6174613447463544, "whole_seats": 1.8314999192971928}, "E_08_PRES": {"fractional_seats": 1.0339337887568416, "whole_seats": 1.1326892480804258}}}
