{"geographic_baseline": {"E_16-22_COMP": {"fractional_seats": 33.32740051536607, "whole_seats": 31.277271783993182}, "E_16-20_COMP": {"fractional_seats": 33.270357553370424, "whole_seats": 32.044455717217375}, "E_24_PRES": {"fractional_seats": 26.617736898318874, "whole_seats": 26.712121561484015}, "E_22_CONG": {"fractional_seats": 24.527648096801887, "whole_seats": 24.1193479213263}, "E_20_SOS": {"fractional_seats": 27.261937477470855, "whole_seats": 26.517743088381113}, "E_20_GOV": {"fractional_seats": 32.63445718604578, "whole_seats": 30.320274850699818}, "E_20_AG": {"fractional_seats": 29.698125553815675, "whole_seats": 28.02988309622081}, "E_20_PRES": {"fractional_seats": 29.21706616392256, "whole_seats": 28.329359680878056}, "E_20_SEN": {"fractional_seats": 36.802133658278954, "whole_seats": 36.67522885010032}, "E_20_AUD": {"fractional_seats": 29.745617321956647, "whole_seats": 29.091978141068513}, "E_18_SEN": {"fractional_seats": 53.43439341883475, "whole_seats": 51.52620535405473}, "E_16_AG": {"fractional_seats": 14.073586868668182, "whole_seats": 14.068389863727546}, "E_16_PRES": {"fractional_seats": 24.832521372084464, "whole_seats": 24.930434181097105}, "E_16_GOV": {"fractional_seats": 54.95147297899366, "whole_seats": 53.73856902395722}, "E_08_PRES": {"fractional_seats": 45.715007420727794, "whole_seats": 46.42394336968804}}}
