{"geographic_baseline": {"E_16-22_COMP": {"fractional_seats": 16.945472657339693, "whole_seats": 15.981323064862002}, "E_16-20_COMP": {"fractional_seats": 16.980456065017695, "whole_seats": 15.940879430007612}, "E_24_PRES": {"fractional_seats": 13.039661026778072, "whole_seats": 12.54753395282345}, "E_22_CONG": {"fractional_seats": 11.979856314759104, "whole_seats": 11.6185754801817}, "E_20_SOS": {"fractional_seats": 13.418199824340254, "whole_seats": 12.667665844266649}, "E_20_GOV": {"fractional_seats": 16.540427759267377, "whole_seats": 16.04846779958035}, "E_20_AG": {"fractional_seats": 14.784355121792714, "whole_seats": 13.667550554543574}, "E_20_PRES": {"fractional_seats": 14.609717394286365, "whole_seats": 13.763425488251983}, "E_20_SEN": {"fractional_seats": 18.911721008464475, "whole_seats": 18.963960432567045}, "E_20_AUD": {"fractional_seats": 14.883101797054618, "whole_seats": 14.204016693951907}, "E_18_SEN": {"fractional_seats": 28.04094478118815, "whole_seats": 27.697064723650538}, "E_16_AG": {"fractional_seats": 6.816995646764771, "whole_seats": 6.9967949456985385}, "E_16_PRES": {"fractional_seats": 12.365407481108608, "whole_seats": 11.805621526897097}, "E_16_GOV": {"fractional_seats": 28.706614026529877, "whole_seats": 28.907007309368453}, "E_08_PRES": {"fractional_seats": 23.552347356694423, "whole_seats": 24.450460005995065}}}
