{"geographic_baseline": {"E_16-22_COMP": {"fractional_seats": 7.866041183728471, "whole_seats": 7.9950667606185215}, "E_16-20_COMP": {"fractional_seats": 7.8269060154459495, "whole_seats": 8.084869151333383}, "E_22_SC3": {"fractional_seats": 6.525743624281297, "whole_seats": 6.265563077069254}, "E_22_SC5": {"fractional_seats": 6.579808606375843, "whole_seats": 6.2779774063383655}, "E_22_SEN": {"fractional_seats": 6.8499388780641945, "whole_seats": 6.576465785159039}, "E_22_CONG": {"fractional_seats": 6.788974841179954, "whole_seats": 6.634602718090356}, "E_20_TREAS": {"fractional_seats": 6.845372124557442, "whole_seats": 6.659742505978307}, "E_20_SOS": {"fractional_seats": 8.7508764428955, "whole_seats": 8.937807465341841}, "E_20_LTG": {"fractional_seats": 7.27893325049092, "whole_seats": 7.199051706862499}, "E_20_GOV": {"fractional_seats": 9.189731381814447, "whole_seats": 9.212332178859521}, "E_20_AG": {"fractional_seats": 8.144830398200886, "whole_seats": 8.47075269163288}, "E_20_PRES": {"fractional_seats": 7.644811470830671, "whole_seats": 7.276820633546704}, "E_20_SEN": {"fractional_seats": 7.663841779377818, "whole_seats": 7.637361883665964}, "E_20_AUD": {"fractional_seats": 8.62897922377787, "whole_seats": 8.870315194722144}, "E_16_LTG": {"fractional_seats": 6.57668091679091, "whole_seats": 6.788342190174356}, "E_16_SEN": {"fractional_seats": 6.681016733892932, "whole_seats": 6.7231270645367225}, "E_16_GOV": {"fractional_seats": 8.100659373148096, "whole_seats": 7.9261717257754825}, "E_16_AG": {"fractional_seats": 8.281083496474997, "whole_seats": 8.58088309391317}, "E_16_PRES": {"fractional_seats": 7.298492843847844, "whole_seats": 7.561292098732209}, "E_14_SEN": {"fractional_seats": 7.506666350490258, "whole_seats": 7.765560586501801}, "E_12_PRES": {"fractional_seats": 7.688891637137404, "whole_seats": 8.148743202187703}, "E_08_PRES": {"fractional_seats": 8.31907642830899, "whole_seats": 8.50070425584335}}}
