{"geographic_baseline": {"E_16-22_COMP": {"fractional_seats": 58.6711636907758, "whole_seats": 57.305738612263426}, "E_16-20_COMP": {"fractional_seats": 57.72925008558792, "whole_seats": 56.35852216624187}, "E_22_SC3": {"fractional_seats": 54.16339339986106, "whole_seats": 53.70866568040188}, "E_22_SC5": {"fractional_seats": 54.23325135865345, "whole_seats": 53.64267330613626}, "E_22_SEN": {"fractional_seats": 55.85807956660798, "whole_seats": 54.95277309359507}, "E_22_CONG": {"fractional_seats": 55.553543664029064, "whole_seats": 54.74266882311484}, "E_20_TREAS": {"fractional_seats": 52.693695251102646, "whole_seats": 51.32267523728398}, "E_20_SOS": {"fractional_seats": 63.541938215793756, "whole_seats": 62.77180616334979}, "E_20_LTG": {"fractional_seats": 55.482754345724, "whole_seats": 53.89861934435231}, "E_20_GOV": {"fractional_seats": 66.11968940647928, "whole_seats": 65.96505082481839}, "E_20_AG": {"fractional_seats": 60.159628480107706, "whole_seats": 59.232472248373135}, "E_20_PRES": {"fractional_seats": 58.17552800086775, "whole_seats": 57.35675309702055}, "E_20_SEN": {"fractional_seats": 56.962339935136384, "whole_seats": 55.525754958049205}, "E_20_AUD": {"fractional_seats": 62.64510133693353, "whole_seats": 61.96026433733468}, "E_16_LTG": {"fractional_seats": 49.618324769234725, "whole_seats": 48.83440293626405}, "E_16_SEN": {"fractional_seats": 49.86010181025718, "whole_seats": 48.94002981783986}, "E_16_GOV": {"fractional_seats": 57.66290949293736, "whole_seats": 56.461240831359035}, "E_16_AG": {"fractional_seats": 58.37053497257186, "whole_seats": 57.798824988591264}, "E_16_PRES": {"fractional_seats": 53.76185523574033, "whole_seats": 53.561427164121085}, "E_14_SEN": {"fractional_seats": 53.33031976677355, "whole_seats": 52.73855134036588}, "E_12_PRES": {"fractional_seats": 52.71024655144227, "whole_seats": 51.66489070048931}, "E_08_PRES": {"fractional_seats": 55.89241014125168, "whole_seats": 54.79216023008242}}}
