{"geographic_baseline": {"E_16-22_COMP": {"fractional_seats": 26.435285644640558, "whole_seats": 26.77326007999702}, "E_16-20_COMP": {"fractional_seats": 26.031572536539038, "whole_seats": 26.081327755994888}, "E_22_SC3": {"fractional_seats": 23.854813724865103, "whole_seats": 23.470547315608894}, "E_22_SC5": {"fractional_seats": 23.948043271436973, "whole_seats": 23.633583692837135}, "E_22_SEN": {"fractional_seats": 24.80200817557212, "whole_seats": 24.66580895355165}, "E_22_CONG": {"fractional_seats": 24.71292011331916, "whole_seats": 24.53088725124498}, "E_20_TREAS": {"fractional_seats": 23.50493136379843, "whole_seats": 22.668177483201095}, "E_20_SOS": {"fractional_seats": 28.57444034240267, "whole_seats": 28.701165240720993}, "E_20_LTG": {"fractional_seats": 24.834438985519302, "whole_seats": 24.67973218353411}, "E_20_GOV": {"fractional_seats": 29.810186537902343, "whole_seats": 30.16588711905332}, "E_20_AG": {"fractional_seats": 27.093218910761586, "whole_seats": 27.249547578842733}, "E_20_PRES": {"fractional_seats": 26.183303921770584, "whole_seats": 26.34822079608497}, "E_20_SEN": {"fractional_seats": 25.66544899371807, "whole_seats": 25.748726841075342}, "E_20_AUD": {"fractional_seats": 28.201844899678658, "whole_seats": 28.461907920272708}, "E_16_LTG": {"fractional_seats": 21.998574419886943, "whole_seats": 21.332725634874354}, "E_16_SEN": {"fractional_seats": 22.22752358452493, "whole_seats": 22.008239371886518}, "E_16_GOV": {"fractional_seats": 26.219248372334935, "whole_seats": 26.50245876482413}, "E_16_AG": {"fractional_seats": 26.404831020080582, "whole_seats": 26.557567359312625}, "E_16_PRES": {"fractional_seats": 24.126015327291856, "whole_seats": 23.526743138582415}, "E_14_SEN": {"fractional_seats": 24.161543960027487, "whole_seats": 24.33739889732996}, "E_12_PRES": {"fractional_seats": 23.831146652440534, "whole_seats": 23.69159954587373}, "E_08_PRES": {"fractional_seats": 25.488713884461447, "whole_seats": 25.715295762548518}}}
