{"geographic_baseline": {"E_16-20_COMP": {"fractional_seats": 3.91036990010444, "whole_seats": 3.728582173652987}, "E_20_TREAS": {"fractional_seats": 5.582257009323149, "whole_seats": 5.0749447435097705}, "E_20_AUD": {"fractional_seats": 5.345984309769974, "whole_seats": 5.0749447435097705}, "E_20_GOV": {"fractional_seats": 1.829637629933366, "whole_seats": 1.970392532865097}, "E_20_PRES": {"fractional_seats": 7.773205396320892, "whole_seats": 6.636151735220655}, "E_18_AG": {"fractional_seats": 4.795471144506564, "whole_seats": 4.993623362521084}, "E_18_SEN": {"fractional_seats": 19.088185946064616, "whole_seats": 19.86744860055398}, "E_16_GOV": {"fractional_seats": 0.46498105790718375, "whole_seats": 0.5850359520160597}, "E_16_PRES": {"fractional_seats": 4.1802526194040475, "whole_seats": 3.953426672519619}, "E_16_SEN": {"fractional_seats": 0.0013796922801923809, "whole_seats": 0.0}, "E_08_PRES": {"fractional_seats": 16.280685440704328, "whole_seats": 16.19779769835219}}}
