{"geographic_baseline": {"E_16-20_COMP": {"fractional_seats": 3.664962893123972, "whole_seats": 3.249184308953733}, "E_20_TREAS": {"fractional_seats": 5.357353807574526, "whole_seats": 5.409053336311151}, "E_20_AUD": {"fractional_seats": 5.099152579120953, "whole_seats": 5.409053336311151}, "E_20_GOV": {"fractional_seats": 1.6756490405123654, "whole_seats": 1.8899683478501952}, "E_20_PRES": {"fractional_seats": 7.37805717415579, "whole_seats": 6.249280574616155}, "E_18_AG": {"fractional_seats": 4.673743492340542, "whole_seats": 5.22759127910111}, "E_18_SEN": {"fractional_seats": 18.2249487242667, "whole_seats": 18.38757197462694}, "E_16_GOV": {"fractional_seats": 0.255455023783612, "whole_seats": 0.0}, "E_16_PRES": {"fractional_seats": 3.9587222209529065, "whole_seats": 3.2309053849728016}, "E_16_SEN": {"fractional_seats": 0.0011013984083003444, "whole_seats": 0.0}, "E_08_PRES": {"fractional_seats": 15.614950337125732, "whole_seats": 15.254033531255535}}}
