{"geographic_baseline": {"E_16-20_COMP": {"fractional_seats": 0.5441712070336572, "whole_seats": 0.5778050924188787}, "E_20_SEN": {"fractional_seats": 0.002410708930298687, "whole_seats": 0.0}, "E_20_PRES": {"fractional_seats": 1.1618902102438198, "whole_seats": 1.2382809313669518}, "E_18_SEN": {"fractional_seats": 0.7770179590861017, "whole_seats": 0.7907274214072464}, "E_18_GOV": {"fractional_seats": 0.9069026127487813, "whole_seats": 0.9036871706608807}, "E_18_AG": {"fractional_seats": 0.0, "whole_seats": 0.0}, "E_16_PRES": {"fractional_seats": 0.5611141949944689, "whole_seats": 0.6402872489681388}, "E_12_PRES": {"fractional_seats": 0.29687218595814924, "whole_seats": 0.0}, "E_08_PRES": {"fractional_seats": 0.8575149180764081, "whole_seats": 0.8907160015987731}}}
