{"geographic_baseline": {"E_16-20_COMP": {"fractional_seats": 13.841851722128455, "whole_seats": 13.888068033508977}, "E_20_SEN": {"fractional_seats": 6.518034508282385, "whole_seats": 6.516374679837513}, "E_20_PRES": {"fractional_seats": 17.99892710497044, "whole_seats": 17.599445119663283}, "E_18_SEN": {"fractional_seats": 15.72055143905344, "whole_seats": 15.586689601448683}, "E_18_GOV": {"fractional_seats": 16.058669177339386, "whole_seats": 16.153154926015954}, "E_18_AG": {"fractional_seats": 0.0, "whole_seats": 0.0}, "E_16_PRES": {"fractional_seats": 13.062855692381403, "whole_seats": 12.659061108210844}, "E_12_PRES": {"fractional_seats": 11.211627080175942, "whole_seats": 10.888744555198464}, "E_08_PRES": {"fractional_seats": 13.967016155321934, "whole_seats": 13.450803567058745}}}
