{"geographic_baseline": {"E_16-22_COMP": {"fractional_seats": 0.3091838368435693, "whole_seats": 0.0}, "E_16-20_COMP": {"fractional_seats": 0.2730958205835486, "whole_seats": 0.0}, "E_24_PRES": {"fractional_seats": 1.07617743053279, "whole_seats": 1.0121398533170627}, "E_20_SEN": {"fractional_seats": 1.914670348634242, "whole_seats": 1.9999999999999998}, "E_20_GOV": {"fractional_seats": 6.415136345440411e-05, "whole_seats": 0.0}, "E_20_PRES": {"fractional_seats": 1.484668475328963, "whole_seats": 1.9999999999999998}, "E_18_GOV": {"fractional_seats": 0.2315811207987275, "whole_seats": 0.0}, "E_16_PRES": {"fractional_seats": 0.8136171040839996, "whole_seats": 0.4516100931450446}, "E_16_GOV": {"fractional_seats": 0.5924139176952453, "whole_seats": 0.34403050679876795}, "E_16_SEN": {"fractional_seats": 0.7824376041633192, "whole_seats": 0.4870213258668239}, "E_12_PRES": {"fractional_seats": 1.190801187370118, "whole_seats": 1.2309548474115604}, "E_08_PRES": {"fractional_seats": 1.477565821343238, "whole_seats": 1.9999999999999998}}}
