{"geographic_baseline": {"E_16-22_COMP": {"fractional_seats": 56.74432406660613, "whole_seats": 57.30021509529017}, "E_16-20_COMP": {"fractional_seats": 54.95196938041272, "whole_seats": 54.60007593306564}, "E_24_PRES": {"fractional_seats": 87.28350606089285, "whole_seats": 85.7102507460823}, "E_20_SEN": {"fractional_seats": 129.596633148344, "whole_seats": 132.38789455612192}, "E_20_GOV": {"fractional_seats": 14.35609051563344, "whole_seats": 12.817208203965215}, "E_20_PRES": {"fractional_seats": 99.21910570264545, "whole_seats": 97.46526134839993}, "E_18_GOV": {"fractional_seats": 53.179087334057904, "whole_seats": 53.03797161439068}, "E_16_PRES": {"fractional_seats": 75.6663958352756, "whole_seats": 74.44859890426991}, "E_16_GOV": {"fractional_seats": 70.96618137621898, "whole_seats": 70.13778149135155}, "E_16_SEN": {"fractional_seats": 76.21965715334099, "whole_seats": 72.66838810652987}, "E_12_PRES": {"fractional_seats": 98.6771424042351, "whole_seats": 99.3523824180834}, "E_08_PRES": {"fractional_seats": 111.75666299475797, "whole_seats": 108.86382500840274}}}
