{"geographic_baseline": {"E_16-22_COMP": {"fractional_seats": 9.214378778689099, "whole_seats": 9.095102898015215}, "E_16-20_COMP": {"fractional_seats": 8.928704904082815, "whole_seats": 8.833678274649754}, "E_24_PRES": {"fractional_seats": 14.67722010684023, "whole_seats": 15.929932509587823}, "E_20_SEN": {"fractional_seats": 20.936347032090616, "whole_seats": 20.839819706154994}, "E_20_GOV": {"fractional_seats": 0.8658235167260008, "whole_seats": 0.6299279361813799}, "E_20_PRES": {"fractional_seats": 16.976591725165907, "whole_seats": 17.744398847501575}, "E_18_GOV": {"fractional_seats": 8.576863660744113, "whole_seats": 7.930704907119924}, "E_16_PRES": {"fractional_seats": 13.01165070585833, "whole_seats": 12.429212016589132}, "E_16_GOV": {"fractional_seats": 11.90081335638033, "whole_seats": 11.970338192517188}, "E_16_SEN": {"fractional_seats": 12.955668235155564, "whole_seats": 12.256363386905106}, "E_12_PRES": {"fractional_seats": 16.089507889801535, "whole_seats": 16.42542843018187}, "E_08_PRES": {"fractional_seats": 17.971719570679056, "whole_seats": 18.77816292796739}}}
