{"geographic_baseline": {"E_16-20_COMP": {"fractional_seats": 9.322002042612267, "whole_seats": 9.320661419309806}, "E_21_GOV": {"fractional_seats": 8.288642081639718, "whole_seats": 8.483605006096495}, "E_20_SEN": {"fractional_seats": 9.885795701249299, "whole_seats": 9.919204598474302}, "E_20_PRES": {"fractional_seats": 9.948236378749474, "whole_seats": 10.046505574231205}, "E_18_SEN": {"fractional_seats": 9.071003831731725, "whole_seats": 9.168142858096402}, "E_17_GOV": {"fractional_seats": 9.462655308338586, "whole_seats": 9.524748105123145}, "E_16_PRES": {"fractional_seats": 9.464155638796086, "whole_seats": 9.521258814463685}, "E_12_PRES": {"fractional_seats": 9.813885474546531, "whole_seats": 9.807631267713187}, "E_08_PRES": {"fractional_seats": 9.802844963407063, "whole_seats": 9.86264992743027}}}
