{"geographic_baseline": {"E_16-20_COMP": {"fractional_seats": 29.02631383562167, "whole_seats": 29.35728454555994}, "E_21_GOV": {"fractional_seats": 25.130044357627007, "whole_seats": 24.895737902295924}, "E_20_SEN": {"fractional_seats": 31.45298067946976, "whole_seats": 31.936121392693202}, "E_20_PRES": {"fractional_seats": 31.757538904397578, "whole_seats": 31.82904844162875}, "E_18_SEN": {"fractional_seats": 27.644785673370716, "whole_seats": 27.311409610125622}, "E_17_GOV": {"fractional_seats": 29.64750768544487, "whole_seats": 29.660576807348455}, "E_16_PRES": {"fractional_seats": 29.61129661494201, "whole_seats": 29.879995616317437}, "E_12_PRES": {"fractional_seats": 30.319582895942993, "whole_seats": 30.163042413419454}, "E_08_PRES": {"fractional_seats": 30.61154205173519, "whole_seats": 30.359515788254228}}}
