{"geographic_baseline": {"E_16-22_COMP": {"fractional_seats": 2.258945475423163, "whole_seats": 2.284713925050133}, "E_16-20_COMP": {"fractional_seats": 2.4205600598222277, "whole_seats": 2.305561406209715}, "E_24_PRES": {"fractional_seats": 2.1520089189081046, "whole_seats": 2.190603450637114}, "E_22_AG": {"fractional_seats": 2.3000898118363464, "whole_seats": 2.287146485373001}, "E_22_AUD": {"fractional_seats": 2.9999999999999996, "whole_seats": 2.9999999999999996}, "E_22_SC1": {"fractional_seats": 2.114290263369417, "whole_seats": 2.2599944652286994}, "E_22_GOV": {"fractional_seats": 2.14579838820785, "whole_seats": 2.2826695543186832}, "E_22_SOS": {"fractional_seats": 2.316356244173866, "whole_seats": 2.2900366560536365}, "E_22_SC2": {"fractional_seats": 2.223543393836753, "whole_seats": 2.2863786066921654}, "E_22_TREAS": {"fractional_seats": 2.152016419750852, "whole_seats": 2.261873076171112}, "E_22_CONG": {"fractional_seats": 2.2545208990729746, "whole_seats": 2.2886850762353386}, "E_20_SEN": {"fractional_seats": 2.1886072452867995, "whole_seats": 2.1905722821297746}, "E_20_PRES": {"fractional_seats": 2.3431620945441964, "whole_seats": 2.2990627724292865}, "E_18_GOV": {"fractional_seats": 2.5221292205497496, "whole_seats": 2.52316575695554}, "E_18_AG": {"fractional_seats": 2.907245492607795, "whole_seats": 2.9999999999999996}, "E_18_SEN": {"fractional_seats": 2.878864358557841, "whole_seats": 2.9962711131218467}, "E_16_PRES": {"fractional_seats": 2.322319414058854, "whole_seats": 2.2933660193377006}, "E_12_PRES": {"fractional_seats": 2.425810488541912, "whole_seats": 2.310478946617796}, "E_08_PRES": {"fractional_seats": 2.633481836649476, "whole_seats": 2.712899795137902}}}
