{"geographic_baseline": {"E_16-22_COMP": {"fractional_seats": 43.39194518978917, "whole_seats": 44.77778271016774}, "E_16-20_COMP": {"fractional_seats": 46.16561262965644, "whole_seats": 47.03055269319509}, "E_24_PRES": {"fractional_seats": 43.71625160235087, "whole_seats": 45.62871601806257}, "E_22_AG": {"fractional_seats": 45.47409478861057, "whole_seats": 46.60657362709802}, "E_22_AUD": {"fractional_seats": 69.99999999999994, "whole_seats": 69.99999999999994}, "E_22_SC1": {"fractional_seats": 41.24504929391111, "whole_seats": 41.91030836987754}, "E_22_GOV": {"fractional_seats": 42.005568627993064, "whole_seats": 43.03545370484927}, "E_22_SOS": {"fractional_seats": 46.63195387201756, "whole_seats": 46.94397508030607}, "E_22_SC2": {"fractional_seats": 43.3185045624354, "whole_seats": 44.58132194140124}, "E_22_TREAS": {"fractional_seats": 42.296068848232785, "whole_seats": 42.93565308884624}, "E_22_CONG": {"fractional_seats": 44.22294914261911, "whole_seats": 45.63281514902788}, "E_20_SEN": {"fractional_seats": 41.35131405091606, "whole_seats": 42.14719847066517}, "E_20_PRES": {"fractional_seats": 46.34278562916349, "whole_seats": 46.906851499063464}, "E_18_GOV": {"fractional_seats": 47.016155307939016, "whole_seats": 47.93493999117832}, "E_18_AG": {"fractional_seats": 55.25643537805916, "whole_seats": 55.43109351402246}, "E_18_SEN": {"fractional_seats": 53.84059222970866, "whole_seats": 53.912993584009904}, "E_16_PRES": {"fractional_seats": 42.587391647908476, "whole_seats": 43.69485181263753}, "E_12_PRES": {"fractional_seats": 42.04910072774303, "whole_seats": 42.189016218013286}, "E_08_PRES": {"fractional_seats": 47.42254012327679, "whole_seats": 49.346991436216435}}}
