{"geographic_baseline": {"E_16-22_COMP": {"fractional_seats": 26.245265981354784, "whole_seats": 27.20038516719073}, "E_16-20_COMP": {"fractional_seats": 27.98347082143059, "whole_seats": 28.508351743216856}, "E_24_PRES": {"fractional_seats": 26.64054435767417, "whole_seats": 27.283333065724964}, "E_22_AG": {"fractional_seats": 27.571637529685226, "whole_seats": 28.264744356847313}, "E_22_AUD": {"fractional_seats": 42.00000000000002, "whole_seats": 42.00000000000002}, "E_22_SC1": {"fractional_seats": 24.96480023293091, "whole_seats": 25.24902692864586}, "E_22_GOV": {"fractional_seats": 25.459388258337523, "whole_seats": 25.94513870458019}, "E_22_SOS": {"fractional_seats": 28.35120035860285, "whole_seats": 28.845498653614943}, "E_22_SC2": {"fractional_seats": 26.236357687411594, "whole_seats": 27.05452221984}, "E_22_TREAS": {"fractional_seats": 25.59262394547681, "whole_seats": 26.101989967518666}, "E_22_CONG": {"fractional_seats": 26.813014851440332, "whole_seats": 27.693609794845127}, "E_20_SEN": {"fractional_seats": 24.98337476213683, "whole_seats": 25.079759265783323}, "E_20_PRES": {"fractional_seats": 28.096351847869105, "whole_seats": 28.590109571470812}, "E_18_GOV": {"fractional_seats": 28.51424163851307, "whole_seats": 29.065641820958668}, "E_18_AG": {"fractional_seats": 32.695758971439965, "whole_seats": 32.7357987307806}, "E_18_SEN": {"fractional_seats": 32.24955392216504, "whole_seats": 32.65072854024657}, "E_16_PRES": {"fractional_seats": 25.7378184364989, "whole_seats": 26.11799641278819}, "E_12_PRES": {"fractional_seats": 25.368131693969016, "whole_seats": 25.85840241565378}, "E_08_PRES": {"fractional_seats": 28.440667274666243, "whole_seats": 29.6305880175035}}}
