{"geographic_baseline": {"E_16-22_COMP": {"fractional_seats": 2.8807727979991573, "whole_seats": 3.0031057000966985}, "E_16-20_COMP": {"fractional_seats": 2.8666459631960217, "whole_seats": 3.0033350361751934}, "E_22_SEN": {"fractional_seats": 2.779327568438925, "whole_seats": 2.9952773517094267}, "E_22_LTG": {"fractional_seats": 2.412159081652541, "whole_seats": 2.900401789079097}, "E_22_TREAS": {"fractional_seats": 2.860036671665998, "whole_seats": 3.0031057000966985}, "E_22_GOV": {"fractional_seats": 2.6103759133295004, "whole_seats": 2.9205601726978}, "E_22_CONG": {"fractional_seats": 2.613523004149327, "whole_seats": 2.9299861432049226}, "E_22_SOS": {"fractional_seats": 2.8938672763834417, "whole_seats": 2.9969819114389136}, "E_22_AG": {"fractional_seats": 3.370375079451611, "whole_seats": 3.0139244363389492}, "E_20_PRES": {"fractional_seats": 2.8248251499538597, "whole_seats": 3.003065759543702}, "E_18_CONG": {"fractional_seats": 2.9490541454640686, "whole_seats": 3.0037176924409965}, "E_18_LTG": {"fractional_seats": 3.118148334653865, "whole_seats": 3.004494600617021}, "E_18_GOV": {"fractional_seats": 2.9460740964469254, "whole_seats": 3.003546334584593}, "E_18_SEN": {"fractional_seats": 2.9793407202798763, "whole_seats": 3.0037176924409965}, "E_18_TREAS": {"fractional_seats": 2.7671125575002553, "whole_seats": 2.9944347348816986}, "E_18_SOS": {"fractional_seats": 2.6636766890260146, "whole_seats": 2.9359231131470804}, "E_18_AG": {"fractional_seats": 2.787158944355013, "whole_seats": 3.003065759543702}, "E_16_PRES": {"fractional_seats": 2.8260330266569316, "whole_seats": 3.003065759543702}, "E_16_SEN": {"fractional_seats": 2.838835539829179, "whole_seats": 3.0033350361751934}, "E_12_PRES": {"fractional_seats": 3.014519951220585, "whole_seats": 3.004707187431356}, "E_08_PRES": {"fractional_seats": 3.485401520681045, "whole_seats": 3.931586986337117}}}
