{"geographic_baseline": {"E_16-22_COMP": {"fractional_seats": 29.123330427717274, "whole_seats": 29.418712277919195}, "E_16-20_COMP": {"fractional_seats": 28.396162891303092, "whole_seats": 28.449575373943382}, "E_22_SEN": {"fractional_seats": 28.722080320858538, "whole_seats": 29.31022922656403}, "E_22_LTG": {"fractional_seats": 25.486230322725255, "whole_seats": 26.60654045881384}, "E_22_TREAS": {"fractional_seats": 30.017136166717233, "whole_seats": 31.81704134555852}, "E_22_GOV": {"fractional_seats": 27.160262887256785, "whole_seats": 27.77562492470879}, "E_22_CONG": {"fractional_seats": 26.410252334848064, "whole_seats": 27.064092991914574}, "E_22_SOS": {"fractional_seats": 29.662297659898055, "whole_seats": 30.408060390116077}, "E_22_AG": {"fractional_seats": 33.09585943926144, "whole_seats": 34.357268246551655}, "E_20_PRES": {"fractional_seats": 28.358856737560686, "whole_seats": 28.858832048042}, "E_18_CONG": {"fractional_seats": 29.748878042292368, "whole_seats": 30.260845953796462}, "E_18_LTG": {"fractional_seats": 30.91329246715527, "whole_seats": 31.216238153921825}, "E_18_GOV": {"fractional_seats": 29.887208764426507, "whole_seats": 30.290513410040617}, "E_18_SEN": {"fractional_seats": 30.168130469884627, "whole_seats": 30.445953023467606}, "E_18_TREAS": {"fractional_seats": 27.43950440930911, "whole_seats": 27.472781479436694}, "E_18_SOS": {"fractional_seats": 26.5106788637669, "whole_seats": 26.88340966058901}, "E_18_AG": {"fractional_seats": 27.354313665464723, "whole_seats": 27.364555464866122}, "E_16_PRES": {"fractional_seats": 27.377829668146752, "whole_seats": 27.489556511695135}, "E_16_SEN": {"fractional_seats": 27.199817465494053, "whole_seats": 27.478666268978973}, "E_12_PRES": {"fractional_seats": 28.854876474798168, "whole_seats": 28.767556933003522}, "E_08_PRES": {"fractional_seats": 33.974063089680534, "whole_seats": 35.19859022731967}}}
