{"geographic_baseline": {"E_16-22_COMP": {"fractional_seats": 15.149240993154201, "whole_seats": 15.426522588637395}, "E_16-20_COMP": {"fractional_seats": 14.848927107399312, "whole_seats": 15.043023706006576}, "E_22_SEN": {"fractional_seats": 14.830292416133398, "whole_seats": 15.256438642613832}, "E_22_LTG": {"fractional_seats": 13.078628644872397, "whole_seats": 13.72232135782417}, "E_22_TREAS": {"fractional_seats": 15.502342955135886, "whole_seats": 16.472161756662793}, "E_22_GOV": {"fractional_seats": 13.987681778844072, "whole_seats": 14.553071009793786}, "E_22_CONG": {"fractional_seats": 13.523569702136081, "whole_seats": 14.00796024884251}, "E_22_SOS": {"fractional_seats": 15.321263202549517, "whole_seats": 15.806023872855015}, "E_22_AG": {"fractional_seats": 17.04942072755236, "whole_seats": 17.408066510039525}, "E_20_PRES": {"fractional_seats": 14.793239713850234, "whole_seats": 15.196183809001665}, "E_18_CONG": {"fractional_seats": 15.553796769885562, "whole_seats": 15.65094952222721}, "E_18_LTG": {"fractional_seats": 16.14423504073177, "whole_seats": 16.618320989340347}, "E_18_GOV": {"fractional_seats": 15.610245721339767, "whole_seats": 15.87073626544231}, "E_18_SEN": {"fractional_seats": 15.792301846967835, "whole_seats": 16.052718308942723}, "E_18_TREAS": {"fractional_seats": 14.24726994622486, "whole_seats": 14.293923817904556}, "E_18_SOS": {"fractional_seats": 13.724239233049465, "whole_seats": 13.85868613618309}, "E_18_AG": {"fractional_seats": 14.199120885862715, "whole_seats": 14.25523301769558}, "E_16_PRES": {"fractional_seats": 14.361032122064499, "whole_seats": 14.613359664035503}, "E_16_SEN": {"fractional_seats": 14.280677989881609, "whole_seats": 14.420034181382908}, "E_12_PRES": {"fractional_seats": 15.179650210793842, "whole_seats": 15.276954236500869}, "E_08_PRES": {"fractional_seats": 17.620174962864212, "whole_seats": 18.235434099053816}}}
