{"geographic_baseline": {"E_16-22_COMP": {"fractional_seats": 20.490076582590987, "whole_seats": 21.130076363100017}, "E_16-20_COMP": {"fractional_seats": 23.79872872649892, "whole_seats": 24.509761846903515}, "E_22_AG": {"fractional_seats": 17.72235357909309, "whole_seats": 17.72176561954157}, "E_22_CONG": {"fractional_seats": 18.59835103760474, "whole_seats": 18.654253308792892}, "E_22_CMPTR": {"fractional_seats": 20.165257853111267, "whole_seats": 20.666119604782786}, "E_22_GOV": {"fractional_seats": 16.586446777612448, "whole_seats": 16.673224710016626}, "E_22_SEN": {"fractional_seats": 19.61696547743269, "whole_seats": 20.311692014686738}, "E_20_PRES": {"fractional_seats": 22.055692269107457, "whole_seats": 22.300726059066818}, "E_18_SEN": {"fractional_seats": 25.04294174708443, "whole_seats": 25.811300578493817}, "E_18_GOV": {"fractional_seats": 20.4855635153889, "whole_seats": 20.388917536732443}, "E_18_AG": {"fractional_seats": 22.805870945039455, "whole_seats": 23.665984019106844}, "E_16_PRES": {"fractional_seats": 20.525386975941576, "whole_seats": 21.149764353679213}, "E_16_SEN": {"fractional_seats": 25.97500779834166, "whole_seats": 25.9999999999999}, "E_12_PRES": {"fractional_seats": 23.974459534574667, "whole_seats": 25.318326010436166}, "E_08_PRES": {"fractional_seats": 23.90765470553391, "whole_seats": 25.446510955832355}}}
