{"geographic_baseline": {"E_16-22_COMP": {"fractional_seats": 105.20382292773108, "whole_seats": 105.1803579075732}, "E_16-20_COMP": {"fractional_seats": 122.02122708472596, "whole_seats": 123.15664244324743}, "E_22_AG": {"fractional_seats": 92.09848608198199, "whole_seats": 91.80616752954249}, "E_22_CONG": {"fractional_seats": 97.28987167973393, "whole_seats": 97.79199296043548}, "E_22_CMPTR": {"fractional_seats": 103.21358995084036, "whole_seats": 103.42918648247955}, "E_22_GOV": {"fractional_seats": 86.89370176594308, "whole_seats": 85.92420325099683}, "E_22_SEN": {"fractional_seats": 100.78169958519133, "whole_seats": 101.34859606948096}, "E_20_PRES": {"fractional_seats": 112.24514807562728, "whole_seats": 112.02440502565013}, "E_18_SEN": {"fractional_seats": 131.7571876937336, "whole_seats": 132.82153989587553}, "E_18_GOV": {"fractional_seats": 109.00654637809963, "whole_seats": 108.46198420701644}, "E_18_AG": {"fractional_seats": 116.97028641763517, "whole_seats": 117.84870084023065}, "E_16_PRES": {"fractional_seats": 105.04200081536943, "whole_seats": 105.62010546971662}, "E_16_SEN": {"fractional_seats": 147.50294531241028, "whole_seats": 148.92121769302534}, "E_12_PRES": {"fractional_seats": 121.47773274021783, "whole_seats": 123.01725502220259}, "E_08_PRES": {"fractional_seats": 122.31080271413045, "whole_seats": 125.15196461367378}}}
