{"geographic_baseline": {"E_16-22_COMP": {"fractional_seats": 45.842890400232235, "whole_seats": 45.577619482834855}, "E_16-20_COMP": {"fractional_seats": 53.42393673288055, "whole_seats": 53.920212359146674}, "E_22_AG": {"fractional_seats": 40.0321981142097, "whole_seats": 39.520462917911466}, "E_22_CONG": {"fractional_seats": 42.17687914041174, "whole_seats": 41.88201536449533}, "E_22_CMPTR": {"fractional_seats": 44.888880942830845, "whole_seats": 44.769072273699436}, "E_22_GOV": {"fractional_seats": 37.73231147827882, "whole_seats": 37.166095769622856}, "E_22_SEN": {"fractional_seats": 43.813950219023724, "whole_seats": 43.91419174131248}, "E_20_PRES": {"fractional_seats": 49.03493738827821, "whole_seats": 49.05904931917823}, "E_18_SEN": {"fractional_seats": 57.59561890905571, "whole_seats": 59.184304099216824}, "E_18_GOV": {"fractional_seats": 47.795341727150536, "whole_seats": 47.54769791709412}, "E_18_AG": {"fractional_seats": 51.341586654451056, "whole_seats": 51.37321123065207}, "E_16_PRES": {"fractional_seats": 45.788986163184, "whole_seats": 45.94185547636189}, "E_16_SEN": {"fractional_seats": 62.63300311193641, "whole_seats": 62.926219710474236}, "E_12_PRES": {"fractional_seats": 53.575379892260585, "whole_seats": 55.27296015211722}, "E_08_PRES": {"fractional_seats": 53.669990934874605, "whole_seats": 55.77287478610844}}}
