{"geographic_baseline": {"E_16-22_COMP": {"fractional_seats": 6.545844889494237, "whole_seats": 6.187995404530788}, "E_16-20_COMP": {"fractional_seats": 7.019537791087038, "whole_seats": 6.963030812966848}, "E_22_AUD": {"fractional_seats": 5.1626319977562485, "whole_seats": 5.0538838766016925}, "E_22_SOS": {"fractional_seats": 4.770153338791881, "whole_seats": 4.713046322166935}, "E_22_SC2": {"fractional_seats": 6.166539464674713, "whole_seats": 6.009830290366125}, "E_22_SC1": {"fractional_seats": 5.909794327354934, "whole_seats": 5.766298982799874}, "E_22_CONG": {"fractional_seats": 6.848741445006661, "whole_seats": 7.1543838321928295}, "E_22_SCC": {"fractional_seats": 6.249154951359562, "whole_seats": 6.065813417712421}, "E_22_GOV": {"fractional_seats": 3.939769693200021, "whole_seats": 3.913144072502375}, "E_22_AG": {"fractional_seats": 4.75702625543111, "whole_seats": 4.69106012416852}, "E_22_SEN": {"fractional_seats": 7.630120217490781, "whole_seats": 7.641601539326253}, "E_22_TREAS": {"fractional_seats": 5.199971190495146, "whole_seats": 5.098177897813534}, "E_20_PRES": {"fractional_seats": 7.091791408921926, "whole_seats": 6.70505306688923}, "E_18_AG": {"fractional_seats": 7.8323582548390815, "whole_seats": 7.94017143852831}, "E_18_SEN": {"fractional_seats": 10.707448355470511, "whole_seats": 11.219514251853132}, "E_18_GOV": {"fractional_seats": 7.906255533614049, "whole_seats": 7.948017568279465}, "E_16_SEN": {"fractional_seats": 3.463073217467785, "whole_seats": 3.2242762542790135}, "E_16_PRES": {"fractional_seats": 6.798868104569769, "whole_seats": 6.535076047625283}, "E_12_PRES": {"fractional_seats": 9.638869947644425, "whole_seats": 9.664690246526803}, "E_08_PRES": {"fractional_seats": 10.145855671059662, "whole_seats": 10.055766168044482}}}
