{"geographic_baseline": {"E_16-22_COMP": {"fractional_seats": 39.847289206572604, "whole_seats": 40.05943015300375}, "E_16-20_COMP": {"fractional_seats": 41.49979125417319, "whole_seats": 42.043508136990866}, "E_22_AUD": {"fractional_seats": 33.33286888676448, "whole_seats": 33.27397154510958}, "E_22_SOS": {"fractional_seats": 30.38876691204342, "whole_seats": 29.39877505286691}, "E_22_SC2": {"fractional_seats": 38.389013531550795, "whole_seats": 38.49301746996977}, "E_22_SC1": {"fractional_seats": 37.482533192746956, "whole_seats": 37.72782074212284}, "E_22_CONG": {"fractional_seats": 38.80301280623869, "whole_seats": 38.680841002053654}, "E_22_SCC": {"fractional_seats": 39.33512107907873, "whole_seats": 39.46383339288413}, "E_22_GOV": {"fractional_seats": 25.19606515939144, "whole_seats": 24.379584239872944}, "E_22_AG": {"fractional_seats": 30.309834256952456, "whole_seats": 29.374455991500646}, "E_22_SEN": {"fractional_seats": 45.13010590256928, "whole_seats": 45.22621337879546}, "E_22_TREAS": {"fractional_seats": 33.723006281334726, "whole_seats": 33.66460354755583}, "E_20_PRES": {"fractional_seats": 42.43978398514969, "whole_seats": 42.531164678212114}, "E_18_AG": {"fractional_seats": 44.40879166023483, "whole_seats": 44.957541657881016}, "E_18_SEN": {"fractional_seats": 56.6696516852588, "whole_seats": 56.45002444182142}, "E_18_GOV": {"fractional_seats": 44.94621619793044, "whole_seats": 45.177659158292926}, "E_16_SEN": {"fractional_seats": 26.319702646546563, "whole_seats": 25.696391983760588}, "E_16_PRES": {"fractional_seats": 40.09284504171686, "whole_seats": 40.741110601106094}, "E_12_PRES": {"fractional_seats": 49.74685356624789, "whole_seats": 48.50601028115903}, "E_08_PRES": {"fractional_seats": 52.20986848195676, "whole_seats": 52.19405865426932}}}
