{"geographic_baseline": {"E_16-22_COMP": {"fractional_seats": 14.611346055185264, "whole_seats": 14.43275253215234}, "E_16-20_COMP": {"fractional_seats": 15.482075360324007, "whole_seats": 16.00072859340538}, "E_22_AUD": {"fractional_seats": 11.94790217812843, "whole_seats": 12.004655556768412}, "E_22_SOS": {"fractional_seats": 10.891142505975225, "whole_seats": 11.138320284135322}, "E_22_SC2": {"fractional_seats": 13.865643533522254, "whole_seats": 13.795758411749427}, "E_22_SC1": {"fractional_seats": 13.529531075741795, "whole_seats": 13.31238647774031}, "E_22_CONG": {"fractional_seats": 13.727709823449246, "whole_seats": 13.526141392377003}, "E_22_SCC": {"fractional_seats": 14.217471787152842, "whole_seats": 14.116888603602467}, "E_22_GOV": {"fractional_seats": 8.58784837742235, "whole_seats": 8.212501296670824}, "E_22_AG": {"fractional_seats": 10.900126393725559, "whole_seats": 11.169299784193289}, "E_22_SEN": {"fractional_seats": 16.398401271247934, "whole_seats": 16.232830129002647}, "E_22_TREAS": {"fractional_seats": 12.083585602279815, "whole_seats": 12.140149267999654}, "E_20_PRES": {"fractional_seats": 15.668146387200293, "whole_seats": 15.629603859434793}, "E_18_AG": {"fractional_seats": 16.56876097264058, "whole_seats": 16.84526326994278}, "E_18_SEN": {"fractional_seats": 21.018664631594014, "whole_seats": 20.55532898657636}, "E_18_GOV": {"fractional_seats": 16.772271542933048, "whole_seats": 16.91489652736296}, "E_16_SEN": {"fractional_seats": 8.804809828201154, "whole_seats": 8.504265708022947}, "E_16_PRES": {"fractional_seats": 15.099331256469904, "whole_seats": 15.525942654266547}, "E_12_PRES": {"fractional_seats": 18.937187728443266, "whole_seats": 18.978896978909507}, "E_08_PRES": {"fractional_seats": 19.87993176072651, "whole_seats": 19.988355472222086}}}
