{"geographic_baseline": {"E_16-20_COMP": {"fractional_seats": 0.2959512541388163, "whole_seats": 0.0}, "E_20_SEN": {"fractional_seats": 0.630329723255437, "whole_seats": 0.4190684690150132}, "E_20_PRES": {"fractional_seats": 0.5738822285490067, "whole_seats": 0.3604553572262941}, "E_18_GOV": {"fractional_seats": 1.9388953897856251, "whole_seats": 1.813217967683103}, "E_18_LTG": {"fractional_seats": 0.45554744688622967, "whole_seats": 0.12327771734422266}, "E_18_AG": {"fractional_seats": 0.3578922620203289, "whole_seats": 0.011788542218892833}, "E_16_PRES": {"fractional_seats": 0.08837431343293455, "whole_seats": 0.0}, "E_16_SEN": {"fractional_seats": 0.00027084369444528415, "whole_seats": 0.0}, "E_12_PRES": {"fractional_seats": 0.034031265057865176, "whole_seats": 0.0}, "E_08_PRES": {"fractional_seats": 0.028033197951525476, "whole_seats": 0.0}}}
