{"geographic_baseline": {"E_16-20_COMP": {"fractional_seats": 17.55348921323844, "whole_seats": 17.068013890148215}, "E_20_SEN": {"fractional_seats": 21.476869839504744, "whole_seats": 21.938335884676107}, "E_20_PRES": {"fractional_seats": 21.493331781392115, "whole_seats": 21.704977555676397}, "E_18_GOV": {"fractional_seats": 33.7271618856302, "whole_seats": 33.769817442395286}, "E_18_LTG": {"fractional_seats": 19.094457904560848, "whole_seats": 18.12519242411576}, "E_18_AG": {"fractional_seats": 18.41975699810908, "whole_seats": 18.08473480389346}, "E_16_PRES": {"fractional_seats": 13.742361090012606, "whole_seats": 12.13848499994823}, "E_16_SEN": {"fractional_seats": 6.206482211806754, "whole_seats": 5.62894063752335}, "E_12_PRES": {"fractional_seats": 11.218463115091515, "whole_seats": 10.048591272361929}, "E_08_PRES": {"fractional_seats": 10.071042415164424, "whole_seats": 8.339218554142558}}}
