{"geographic_baseline": {"E_16-20_COMP": {"fractional_seats": 7.82483750567698, "whole_seats": 7.505832392312579}, "E_20_SEN": {"fractional_seats": 9.606227340950587, "whole_seats": 9.405015415397415}, "E_20_PRES": {"fractional_seats": 9.566851610064264, "whole_seats": 9.257015477023645}, "E_18_GOV": {"fractional_seats": 15.534734361264457, "whole_seats": 15.10049141867373}, "E_18_LTG": {"fractional_seats": 8.436422333983119, "whole_seats": 8.001040574053384}, "E_18_AG": {"fractional_seats": 8.141675300152563, "whole_seats": 7.674114432332756}, "E_16_PRES": {"fractional_seats": 6.184791059552083, "whole_seats": 5.905813399310443}, "E_16_SEN": {"fractional_seats": 2.382267417024635, "whole_seats": 2.0526990142076245}, "E_12_PRES": {"fractional_seats": 4.71929299044474, "whole_seats": 4.2355526269064665}, "E_08_PRES": {"fractional_seats": 4.431973145110072, "whole_seats": 3.815932552616549}}}
