{"geographic_baseline": {"E_16-20_COMP": {"fractional_seats": 4.437107369359819, "whole_seats": 4.398765144234853}, "E_20_TREAS": {"fractional_seats": 4.144997008661346, "whole_seats": 4.0207270931942745}, "E_20_SOS": {"fractional_seats": 3.668048915339478, "whole_seats": 3.638391449560751}, "E_20_AG": {"fractional_seats": 4.476818442887986, "whole_seats": 4.437440645549854}, "E_20_PRES": {"fractional_seats": 4.559022712700603, "whole_seats": 4.595589220948652}, "E_20_SEN": {"fractional_seats": 4.805966439004286, "whole_seats": 4.85795052269677}, "E_18_GOV": {"fractional_seats": 3.6862819333160566, "whole_seats": 3.639457705647237}, "E_16_SEN": {"fractional_seats": 5.735878289220735, "whole_seats": 6.000000000000019}, "E_16_PRES": {"fractional_seats": 4.071453865451812, "whole_seats": 3.96242426702564}, "E_16_AG": {"fractional_seats": 4.473489009676705, "whole_seats": 4.433407138959741}, "E_16_GOV": {"fractional_seats": 3.7216522903016176, "whole_seats": 3.607799953554845}, "E_12_PRES": {"fractional_seats": 4.399536693948856, "whole_seats": 4.357945802660968}, "E_08_PRES": {"fractional_seats": 4.9931462274605325, "whole_seats": 5.203343862159855}}}
