{"geographic_baseline": {"E_16-20_COMP": {"fractional_seats": 39.92238983077955, "whole_seats": 40.29479455572199}, "E_20_TREAS": {"fractional_seats": 38.20839511883117, "whole_seats": 38.76717385024657}, "E_20_SOS": {"fractional_seats": 35.37518796269751, "whole_seats": 36.100280464527145}, "E_20_AG": {"fractional_seats": 40.2615106865886, "whole_seats": 40.491712089144556}, "E_20_PRES": {"fractional_seats": 40.97120313923319, "whole_seats": 41.322988273543146}, "E_20_SEN": {"fractional_seats": 42.208560136718326, "whole_seats": 42.239699465880804}, "E_18_GOV": {"fractional_seats": 33.64116549281105, "whole_seats": 33.55548968483386}, "E_16_SEN": {"fractional_seats": 48.76961913366931, "whole_seats": 48.9082746003546}, "E_16_PRES": {"fractional_seats": 37.2889293128779, "whole_seats": 37.56686402709686}, "E_16_AG": {"fractional_seats": 39.67123522426706, "whole_seats": 40.0752420906361}, "E_16_GOV": {"fractional_seats": 33.7386728113503, "whole_seats": 34.17788304506511}, "E_12_PRES": {"fractional_seats": 38.554896802625464, "whole_seats": 38.981444595275896}, "E_08_PRES": {"fractional_seats": 42.507188300568075, "whole_seats": 42.42244981185942}}}
