{"geographic_baseline": {"E_16-20_COMP": {"fractional_seats": 21.152553124905918, "whole_seats": 21.15767845983346}, "E_20_TREAS": {"fractional_seats": 20.084491654035673, "whole_seats": 20.109235788444263}, "E_20_SOS": {"fractional_seats": 18.543278613245512, "whole_seats": 19.0611541997935}, "E_20_AG": {"fractional_seats": 21.28962718392727, "whole_seats": 21.412574552965427}, "E_20_PRES": {"fractional_seats": 21.697764645578, "whole_seats": 21.62124497552192}, "E_20_SEN": {"fractional_seats": 22.307864224183653, "whole_seats": 22.307571220620172}, "E_18_GOV": {"fractional_seats": 17.612111074370503, "whole_seats": 17.452254477898013}, "E_16_SEN": {"fractional_seats": 25.56910999788042, "whole_seats": 25.70729972416112}, "E_16_PRES": {"fractional_seats": 19.757493716293773, "whole_seats": 20.07833135406504}, "E_16_AG": {"fractional_seats": 20.82918663774277, "whole_seats": 21.227247067441773}, "E_16_GOV": {"fractional_seats": 17.474903831898697, "whole_seats": 17.332799811953823}, "E_12_PRES": {"fractional_seats": 19.89912993272715, "whole_seats": 19.72760673416952}, "E_08_PRES": {"fractional_seats": 22.171266674796737, "whole_seats": 22.37531317437516}}}
