{"geographic_baseline": {"E_16-20_COMP": {"fractional_seats": 9.219136158698406, "whole_seats": 9.218132234074453}, "E_20_TREAS": {"fractional_seats": 8.223534117414937, "whole_seats": 8.216132803187032}, "E_20_AUD": {"fractional_seats": 7.656170362674102, "whole_seats": 7.490478977443157}, "E_20_PRES": {"fractional_seats": 8.603047348814473, "whole_seats": 8.683313465664815}, "E_20_AG": {"fractional_seats": 9.60008851157927, "whole_seats": 9.942145246756436}, "E_18_SEN": {"fractional_seats": 11.005198273979618, "whole_seats": 10.474928361032706}, "E_18_GOV": {"fractional_seats": 12.586452820894426, "whole_seats": 12.572618302352598}, "E_16_AUD": {"fractional_seats": 8.955217665883909, "whole_seats": 8.568820668015114}, "E_16_AG": {"fractional_seats": 8.587145849835652, "whole_seats": 9.044460996562254}, "E_16_PRES": {"fractional_seats": 7.779510394430267, "whole_seats": 7.586546947941586}, "E_16_SEN": {"fractional_seats": 7.249949372565586, "whole_seats": 6.718308428249527}, "E_16_TREAS": {"fractional_seats": 9.620944261658696, "whole_seats": 10.138506771670484}, "E_12_PRES": {"fractional_seats": 9.118788909804755, "whole_seats": 9.3867699016358}, "E_08_PRES": {"fractional_seats": 10.978639825408381, "whole_seats": 10.989373591638673}}}
