{"geographic_baseline": {"E_16-20_COMP": {"fractional_seats": 110.24308458562129, "whole_seats": 111.53721007944509}, "E_20_TREAS": {"fractional_seats": 101.48191788509459, "whole_seats": 102.47941212209788}, "E_20_AUD": {"fractional_seats": 94.88380178766043, "whole_seats": 94.8990302014198}, "E_20_PRES": {"fractional_seats": 105.58903104378665, "whole_seats": 106.68190414298577}, "E_20_AG": {"fractional_seats": 114.23491553774976, "whole_seats": 115.089105108939}, "E_18_SEN": {"fractional_seats": 127.88767366568493, "whole_seats": 128.5301290501207}, "E_18_GOV": {"fractional_seats": 139.3985498775476, "whole_seats": 138.96892245456726}, "E_16_AUD": {"fractional_seats": 105.30091090429666, "whole_seats": 104.56392972228863}, "E_16_AG": {"fractional_seats": 100.46667432129536, "whole_seats": 98.91466049358988}, "E_16_PRES": {"fractional_seats": 95.23925717919967, "whole_seats": 94.95587401078248}, "E_16_SEN": {"fractional_seats": 88.20817642772433, "whole_seats": 86.82049605082034}, "E_16_TREAS": {"fractional_seats": 111.26691713656435, "whole_seats": 110.53048451475476}, "E_12_PRES": {"fractional_seats": 102.6515050923516, "whole_seats": 100.82452506017992}, "E_08_PRES": {"fractional_seats": 121.6788739267484, "whole_seats": 122.64419535942544}}}
