{"geographic_baseline": {"E_16-20_COMP": {"fractional_seats": 28.55652573260567, "whole_seats": 29.208698962523297}, "E_20_TREAS": {"fractional_seats": 25.513063443301057, "whole_seats": 26.110453982634525}, "E_20_AUD": {"fractional_seats": 23.32036344757013, "whole_seats": 23.197266721527146}, "E_20_PRES": {"fractional_seats": 26.729157229182483, "whole_seats": 27.827874210740983}, "E_20_AG": {"fractional_seats": 29.476840036148165, "whole_seats": 30.49497412075968}, "E_18_SEN": {"fractional_seats": 33.446321834249915, "whole_seats": 33.530612872711124}, "E_18_GOV": {"fractional_seats": 36.45721073949287, "whole_seats": 36.741465234143604}, "E_16_AUD": {"fractional_seats": 27.081490911947796, "whole_seats": 26.990371230590746}, "E_16_AG": {"fractional_seats": 25.49964488157948, "whole_seats": 25.84057349627399}, "E_16_PRES": {"fractional_seats": 24.041988535023616, "whole_seats": 24.42396963707547}, "E_16_SEN": {"fractional_seats": 21.709080016946682, "whole_seats": 21.120971029093997}, "E_16_TREAS": {"fractional_seats": 28.570454959918504, "whole_seats": 28.84990809601099}, "E_12_PRES": {"fractional_seats": 26.829080998599267, "whole_seats": 26.553811900605407}, "E_08_PRES": {"fractional_seats": 32.01731157681648, "whole_seats": 32.36442046651859}}}
