{"geographic_baseline": {"E_16-20_COMP": {"fractional_seats": 1.9959562848310464, "whole_seats": 2.0}, "E_20_SEN": {"fractional_seats": 1.9999311557667532, "whole_seats": 2.0}, "E_20_PRES": {"fractional_seats": 1.990140882066525, "whole_seats": 2.0}, "E_18_SEN": {"fractional_seats": 1.9945362683677939, "whole_seats": 2.0}, "E_18_GOV": {"fractional_seats": 1.9364199092077619, "whole_seats": 2.0}, "E_18_LTG": {"fractional_seats": 1.9999625462917896, "whole_seats": 2.0}, "E_18_AG": {"fractional_seats": 2.0, "whole_seats": 2.0}, "E_16_PRES": {"fractional_seats": 1.9646537151572858, "whole_seats": 2.0}, "E_12_PRES": {"fractional_seats": 1.9993060616697365, "whole_seats": 2.0}, "E_08_PRES": {"fractional_seats": 1.9994159034309762, "whole_seats": 2.0}}}
