{"geographic_baseline": {"E_16-20_COMP": {"fractional_seats": 66.63259820584155, "whole_seats": 68.1641666188253}, "E_20_SEN": {"fractional_seats": 72.58964523397083, "whole_seats": 73.06728122189317}, "E_20_PRES": {"fractional_seats": 63.96123717679489, "whole_seats": 65.17429256437376}, "E_18_SEN": {"fractional_seats": 66.3822323994292, "whole_seats": 68.18808725153288}, "E_18_GOV": {"fractional_seats": 57.353016733376, "whole_seats": 58.024757171405625}, "E_18_LTG": {"fractional_seats": 73.04385545489546, "whole_seats": 74.18177767207125}, "E_18_AG": {"fractional_seats": 74.99999999999989, "whole_seats": 74.99999999999989}, "E_16_PRES": {"fractional_seats": 56.810418551555884, "whole_seats": 58.189877881752736}, "E_12_PRES": {"fractional_seats": 72.1359311551914, "whole_seats": 74.31819362316926}, "E_08_PRES": {"fractional_seats": 72.79659976384214, "whole_seats": 74.7739158485809}}}
