{"geographic_baseline": {"E_16-20_COMP": {"fractional_seats": 34.10843262821538, "whole_seats": 34.89778463046953}, "E_20_SEN": {"fractional_seats": 37.075035782565415, "whole_seats": 37.48660581257711}, "E_20_PRES": {"fractional_seats": 32.73479780937796, "whole_seats": 33.629362326051435}, "E_18_SEN": {"fractional_seats": 33.99440063277241, "whole_seats": 34.649363620043786}, "E_18_GOV": {"fractional_seats": 29.48744590703632, "whole_seats": 29.742615814590923}, "E_18_LTG": {"fractional_seats": 37.24491506869529, "whole_seats": 37.71400764913494}, "E_18_AG": {"fractional_seats": 38.00000000000006, "whole_seats": 38.00000000000006}, "E_16_PRES": {"fractional_seats": 29.053519207226746, "whole_seats": 29.770179673567633}, "E_12_PRES": {"fractional_seats": 36.81861356704072, "whole_seats": 38.00000000000006}, "E_08_PRES": {"fractional_seats": 37.05185515033677, "whole_seats": 38.00000000000006}}}
