{"geographic_baseline": {"E_16-22_COMP": {"fractional_seats": 1.972208288504891, "whole_seats": 1.6705388864738664}, "E_16-20_COMP": {"fractional_seats": 1.9875158727552176, "whole_seats": 1.6255951782042324}, "E_24_CONG": {"fractional_seats": 1.1564720361415004, "whole_seats": 0.7901329022111299}, "E_24_PRES": {"fractional_seats": 1.564799978228773, "whole_seats": 1.2108816677005132}, "E_22_CMPTR": {"fractional_seats": 0.0, "whole_seats": 0.0}, "E_22_CONG": {"fractional_seats": 1.3084953206587868, "whole_seats": 0.8005458710443156}, "E_22_GOV": {"fractional_seats": 1.9575178264105124, "whole_seats": 2.402333725706638}, "E_22_AG": {"fractional_seats": 0.0, "whole_seats": 0.0}, "E_22_SOS": {"fractional_seats": 0.5379425331819558, "whole_seats": 0.29086974997191517}, "E_22_SEN": {"fractional_seats": 0.669214084775799, "whole_seats": 0.4368865422468826}, "E_22_TREAS": {"fractional_seats": 0.0, "whole_seats": 0.0}, "E_20_SEN": {"fractional_seats": 2.5591730646961204, "whole_seats": 3.0622019468879613}, "E_20_PRES": {"fractional_seats": 2.408409308869191, "whole_seats": 2.95531789564173}, "E_18_AG": {"fractional_seats": 2.367308406696116, "whole_seats": 2.927672379687115}, "E_18_TREAS": {"fractional_seats": 1.6192568008167274, "whole_seats": 1.1121950600038095}, "E_18_GOV": {"fractional_seats": 2.8734661939551733, "whole_seats": 3.2062890439930274}, "E_18_SOS": {"fractional_seats": 1.8883836130667355, "whole_seats": 1.555583211632484}, "E_16_PRES": {"fractional_seats": 1.803335658611779, "whole_seats": 1.5060375017705636}, "E_16_SEN": {"fractional_seats": 0.5283372777013917, "whole_seats": 0.33810830480079307}, "E_12_PRES": {"fractional_seats": 2.0618814395334013, "whole_seats": 1.8699060746225649}, "E_08_PRES": {"fractional_seats": 2.2742234774275087, "whole_seats": 2.1962844038937734}}}
