{"geographic_baseline": {"E_16-22_COMP": {"fractional_seats": 36.38149749454597, "whole_seats": 35.96934525757437}, "E_16-20_COMP": {"fractional_seats": 37.20714302931815, "whole_seats": 36.62078784000939}, "E_24_CONG": {"fractional_seats": 30.151410721441074, "whole_seats": 29.17719024895353}, "E_24_PRES": {"fractional_seats": 32.76584413074142, "whole_seats": 31.365252396977596}, "E_22_CMPTR": {"fractional_seats": 0.0, "whole_seats": 0.0}, "E_22_CONG": {"fractional_seats": 26.218226886105047, "whole_seats": 25.108423782706584}, "E_22_GOV": {"fractional_seats": 33.524177240641386, "whole_seats": 31.85829195504477}, "E_22_AG": {"fractional_seats": 0.0, "whole_seats": 0.0}, "E_22_SOS": {"fractional_seats": 22.488680699555204, "whole_seats": 20.8573551434279}, "E_22_SEN": {"fractional_seats": 23.388604444372056, "whole_seats": 21.558897512418355}, "E_22_TREAS": {"fractional_seats": 0.0, "whole_seats": 0.0}, "E_20_SEN": {"fractional_seats": 42.67145802151748, "whole_seats": 40.93644353487644}, "E_20_PRES": {"fractional_seats": 40.68166190879988, "whole_seats": 39.413972071486846}, "E_18_AG": {"fractional_seats": 38.838633164932624, "whole_seats": 38.305381049834665}, "E_18_TREAS": {"fractional_seats": 34.64265553450871, "whole_seats": 34.10269213674127}, "E_18_GOV": {"fractional_seats": 44.155538068142974, "whole_seats": 42.21500559254068}, "E_18_SOS": {"fractional_seats": 36.184616950383656, "whole_seats": 36.04594850955129}, "E_16_PRES": {"fractional_seats": 35.91495783033628, "whole_seats": 35.26855390085818}, "E_16_SEN": {"fractional_seats": 24.257996604029586, "whole_seats": 23.782426820750523}, "E_12_PRES": {"fractional_seats": 38.43677421726272, "whole_seats": 37.374464996556576}, "E_08_PRES": {"fractional_seats": 38.76249371595496, "whole_seats": 37.40104114058523}}}
