{"geographic_baseline": {"E_16-22_COMP": {"fractional_seats": 13.159452535364393, "whole_seats": 12.678580227316015}, "E_16-20_COMP": {"fractional_seats": 13.595593069452306, "whole_seats": 13.293435382954712}, "E_24_CONG": {"fractional_seats": 10.647828835147518, "whole_seats": 10.20345907188246}, "E_24_PRES": {"fractional_seats": 11.73624917472224, "whole_seats": 10.963663236249426}, "E_22_CMPTR": {"fractional_seats": 0.0, "whole_seats": 0.0}, "E_22_CONG": {"fractional_seats": 9.5469088092978, "whole_seats": 9.353122884481053}, "E_22_GOV": {"fractional_seats": 11.875228598349837, "whole_seats": 11.16693435969072}, "E_22_AG": {"fractional_seats": 0.0, "whole_seats": 0.0}, "E_22_SOS": {"fractional_seats": 7.578605564735589, "whole_seats": 7.1973777089632}, "E_22_SEN": {"fractional_seats": 7.862604096452199, "whole_seats": 7.725075584774609}, "E_22_TREAS": {"fractional_seats": 0.0, "whole_seats": 0.0}, "E_20_SEN": {"fractional_seats": 15.84925820869423, "whole_seats": 15.74346444462896}, "E_20_PRES": {"fractional_seats": 15.015938154554593, "whole_seats": 14.619739470637937}, "E_18_AG": {"fractional_seats": 14.292407730060205, "whole_seats": 13.896445488602446}, "E_18_TREAS": {"fractional_seats": 12.676324565332608, "whole_seats": 12.369377689425944}, "E_18_GOV": {"fractional_seats": 16.467125717246706, "whole_seats": 16.268250487210423}, "E_18_SOS": {"fractional_seats": 13.20402668800404, "whole_seats": 12.583604136037936}, "E_16_PRES": {"fractional_seats": 13.063694344023716, "whole_seats": 12.929582049165509}, "E_16_SEN": {"fractional_seats": 7.810818528797658, "whole_seats": 7.337442279607494}, "E_12_PRES": {"fractional_seats": 14.13746311102215, "whole_seats": 14.24469714804847}, "E_08_PRES": {"fractional_seats": 14.286360090716235, "whole_seats": 13.954358616175869}}}
