{"geographic_baseline": {"E_16-20_COMP": {"fractional_seats": 3.4097031045055766, "whole_seats": 2.362463021630443}, "E_20_SEN": {"fractional_seats": 2.0404244277816126, "whole_seats": 1.8366320163037533}, "E_20_PRES": {"fractional_seats": 4.3693473761819845, "whole_seats": 2.9897797030903375}, "E_18_GOV": {"fractional_seats": 17.20155370647696, "whole_seats": 16.837358331820177}, "E_18_AG": {"fractional_seats": 11.472486315289414, "whole_seats": 11.168682267412679}, "E_16_SEN": {"fractional_seats": 0.25377618019311177, "whole_seats": 0.0}, "E_16_PRES": {"fractional_seats": 2.556322244638214, "whole_seats": 2.025624050517274}, "E_08_PRES": {"fractional_seats": 12.149757184973648, "whole_seats": 10.713248604041874}}}
