{"geographic_baseline": {"E_16-20_COMP": {"fractional_seats": 3.105953316576314, "whole_seats": 2.3459991180454445}, "E_20_SEN": {"fractional_seats": 1.8354328930531338, "whole_seats": 1.4593415566385128}, "E_20_PRES": {"fractional_seats": 4.034081266470194, "whole_seats": 2.629499011466537}, "E_18_GOV": {"fractional_seats": 16.27581843561748, "whole_seats": 15.917480858089906}, "E_18_AG": {"fractional_seats": 10.770019662636527, "whole_seats": 10.738140699947106}, "E_16_SEN": {"fractional_seats": 0.18379612422776997, "whole_seats": 0.0}, "E_16_PRES": {"fractional_seats": 2.272084317887281, "whole_seats": 1.8631571943018066}, "E_08_PRES": {"fractional_seats": 11.439991260164291, "whole_seats": 10.091325153637161}}}
