{"geographic_baseline": {"E_16-20_COMP": {"fractional_seats": 2.873656891571095, "whole_seats": 2.844882387669228}, "E_20_SEN": {"fractional_seats": 2.497060767588707, "whole_seats": 2.48587682539315}, "E_20_PRES": {"fractional_seats": 2.8916117205852485, "whole_seats": 2.858951154997078}, "E_18_GOV": {"fractional_seats": 2.906163377509621, "whole_seats": 2.9150959941193832}, "E_18_SEN": {"fractional_seats": 3.702121772045774, "whole_seats": 3.7160910974642722}, "E_16_PRES": {"fractional_seats": 2.4911713734497822, "whole_seats": 2.505356657077866}, "E_12_PRES": {"fractional_seats": 2.2352641145331154, "whole_seats": 2.2341770320250496}, "E_08_PRES": {"fractional_seats": 2.6342473692289885, "whole_seats": 2.7757978769585177}}}
