{"geographic_baseline": {"E_16-20_COMP": {"fractional_seats": 27.570633739260455, "whole_seats": 27.589765643539685}, "E_20_SEN": {"fractional_seats": 25.648022915752307, "whole_seats": 24.986854854113226}, "E_20_PRES": {"fractional_seats": 28.929190593523398, "whole_seats": 28.801043143814617}, "E_18_GOV": {"fractional_seats": 27.195928155993638, "whole_seats": 27.168400657517726}, "E_18_SEN": {"fractional_seats": 34.05535340736773, "whole_seats": 33.396992840233565}, "E_16_PRES": {"fractional_seats": 23.696425968009912, "whole_seats": 23.351719761997067}, "E_12_PRES": {"fractional_seats": 21.884303829311104, "whole_seats": 21.224280695255548}, "E_08_PRES": {"fractional_seats": 22.894697168036366, "whole_seats": 22.403970863165668}}}
