{"geographic_baseline": {"E_16-20_COMP": {"fractional_seats": 9.015604878212844, "whole_seats": 8.904051171782301}, "E_20_SEN": {"fractional_seats": 8.302305434668288, "whole_seats": 8.262386627385382}, "E_20_PRES": {"fractional_seats": 9.49059308162755, "whole_seats": 9.410613615710972}, "E_18_GOV": {"fractional_seats": 8.851377104965353, "whole_seats": 8.633713267851665}, "E_18_SEN": {"fractional_seats": 11.861507310542596, "whole_seats": 11.369023447222055}, "E_16_PRES": {"fractional_seats": 7.671134010364155, "whole_seats": 7.5691031770378085}, "E_12_PRES": {"fractional_seats": 7.016064518368825, "whole_seats": 6.8261442892615065}, "E_08_PRES": {"fractional_seats": 7.579630283555716, "whole_seats": 7.181856330055389}}}
