{"geographic_baseline": {"E_16-22_COMP": {"fractional_seats": 20.226458832945326, "whole_seats": 20.23241662822456}, "E_16-20_COMP": {"fractional_seats": 19.974734838539508, "whole_seats": 20.000017635652622}, "E_22_TREAS": {"fractional_seats": 17.16251424319738, "whole_seats": 17.174242134421775}, "E_22_GOV": {"fractional_seats": 19.62094671731347, "whole_seats": 19.781126043278423}, "E_22_CONG": {"fractional_seats": 18.569920898042582, "whole_seats": 18.67458834561285}, "E_22_AG": {"fractional_seats": 20.037395790647928, "whole_seats": 20.059557108377497}, "E_22_LTG": {"fractional_seats": 19.8573522575972, "whole_seats": 20.00641409369992}, "E_20_SEN": {"fractional_seats": 19.173489502872613, "whole_seats": 19.396798785953486}, "E_20_PRES": {"fractional_seats": 21.423840709061984, "whole_seats": 21.645992134979384}, "E_18_LTG": {"fractional_seats": 20.332892421955748, "whole_seats": 20.381014979840018}, "E_18_GOV": {"fractional_seats": 16.868132738937327, "whole_seats": 16.87529311981387}, "E_18_AG": {"fractional_seats": 21.205193465718956, "whole_seats": 21.271755009906396}, "E_18_SEN": {"fractional_seats": 21.75719306911897, "whole_seats": 21.897116347786802}, "E_16_PRES": {"fractional_seats": 18.79554172171033, "whole_seats": 18.90291295347262}, "E_12_PRES": {"fractional_seats": 14.479509945778547, "whole_seats": 14.418410454716783}, "E_08_PRES": {"fractional_seats": 15.332109794307407, "whole_seats": 15.173607113687012}, "E_14_GOV": {"fractional_seats": 13.46635765413644, "whole_seats": 13.284333827806385}, "E_14_SEN": {"fractional_seats": 10.90145153189016, "whole_seats": 10.66268695635914}}}
