{"geographic_baseline": {"E_16-22_COMP": {"fractional_seats": 76.62334374447896, "whole_seats": 77.35144922004255}, "E_16-20_COMP": {"fractional_seats": 75.41795086512127, "whole_seats": 75.84172241997511}, "E_22_TREAS": {"fractional_seats": 66.97179685152236, "whole_seats": 67.11053042313036}, "E_22_GOV": {"fractional_seats": 75.10235164072631, "whole_seats": 75.93419637093254}, "E_22_CONG": {"fractional_seats": 70.76793691979171, "whole_seats": 71.13626097746453}, "E_22_AG": {"fractional_seats": 76.7245714387921, "whole_seats": 76.85231736420413}, "E_22_LTG": {"fractional_seats": 75.88094589432151, "whole_seats": 76.24012519254674}, "E_20_SEN": {"fractional_seats": 72.92762658785361, "whole_seats": 73.35633059025729}, "E_20_PRES": {"fractional_seats": 80.70766986654564, "whole_seats": 80.70521509234447}, "E_18_LTG": {"fractional_seats": 76.92992044574805, "whole_seats": 77.39014129279961}, "E_18_GOV": {"fractional_seats": 64.05650957808953, "whole_seats": 63.64265433040186}, "E_18_AG": {"fractional_seats": 79.8403371396649, "whole_seats": 80.24250051594574}, "E_18_SEN": {"fractional_seats": 81.85954839482177, "whole_seats": 81.87781958144144}, "E_16_PRES": {"fractional_seats": 70.97757722016145, "whole_seats": 71.18790187371935}, "E_12_PRES": {"fractional_seats": 56.300190658038744, "whole_seats": 56.28683736994778}, "E_08_PRES": {"fractional_seats": 58.540187814935784, "whole_seats": 58.092709321729025}, "E_14_GOV": {"fractional_seats": 51.00192592612195, "whole_seats": 50.21788437016274}, "E_14_SEN": {"fractional_seats": 42.17348356710544, "whole_seats": 41.036669290856324}}}
