{"geographic_baseline": {"E_16-22_COMP": {"fractional_seats": 16.80854103361447, "whole_seats": 16.93669401164948}, "E_16-20_COMP": {"fractional_seats": 16.62212685567853, "whole_seats": 16.77503306255973}, "E_22_TREAS": {"fractional_seats": 14.14081677919634, "whole_seats": 14.072241534329214}, "E_22_GOV": {"fractional_seats": 16.231096118526825, "whole_seats": 16.191029560132854}, "E_22_CONG": {"fractional_seats": 15.358941196130534, "whole_seats": 15.426606950196943}, "E_22_AG": {"fractional_seats": 16.593965522694877, "whole_seats": 16.481430018110856}, "E_22_LTG": {"fractional_seats": 16.436943637827287, "whole_seats": 16.400570825587}, "E_20_SEN": {"fractional_seats": 15.90056708876342, "whole_seats": 16.003938308840418}, "E_20_PRES": {"fractional_seats": 17.8413296206616, "whole_seats": 18.055792171039815}, "E_18_LTG": {"fractional_seats": 16.956404852127463, "whole_seats": 17.200562247935}, "E_18_GOV": {"fractional_seats": 13.98015948233591, "whole_seats": 13.902857576151101}, "E_18_AG": {"fractional_seats": 17.708824997562143, "whole_seats": 17.82014307180477}, "E_18_SEN": {"fractional_seats": 18.1852512857073, "whole_seats": 18.183369133593736}, "E_16_PRES": {"fractional_seats": 15.654263029032526, "whole_seats": 15.705443635304988}, "E_12_PRES": {"fractional_seats": 12.047480542324134, "whole_seats": 11.783080375515878}, "E_08_PRES": {"fractional_seats": 12.812976555947245, "whole_seats": 12.594651525166562}, "E_14_GOV": {"fractional_seats": 11.14451033229236, "whole_seats": 10.924101160710702}, "E_14_SEN": {"fractional_seats": 8.831835764319868, "whole_seats": 8.740746609125496}}}
