{"geographic_baseline": {"E_16-22_COMP": {"fractional_seats": 0.8400115828616638, "whole_seats": 0.8754780512138342}, "E_16-20_COMP": {"fractional_seats": 0.6193020130006223, "whole_seats": 0.6424604843600221}, "E_24_PRES": {"fractional_seats": 1.224417822605509, "whole_seats": 1.1814565034527276}, "E_20_TREAS": {"fractional_seats": 0.0, "whole_seats": 0.0}, "E_20_GOV": {"fractional_seats": 0.5646997114763681, "whole_seats": 0.5884101312623482}, "E_20_AG": {"fractional_seats": 0.957052700584422, "whole_seats": 0.9837266965316216}, "E_20_PRES": {"fractional_seats": 1.2419922512174333, "whole_seats": 1.2008719849762322}, "E_20_AUD": {"fractional_seats": 0.0, "whole_seats": 0.0}, "E_18_SEN": {"fractional_seats": 0.5472912255207965, "whole_seats": 0.5780971849997063}, "E_16_AG": {"fractional_seats": 0.10910161172963091, "whole_seats": 0.0}, "E_16_PRES": {"fractional_seats": 1.192114763606626, "whole_seats": 1.1718905886265378}, "E_16_SEN": {"fractional_seats": 0.20363131649864621, "whole_seats": 0.0}, "E_16_GOV": {"fractional_seats": 0.3414608219401326, "whole_seats": 0.25403348070189175}, "E_12_PRES": {"fractional_seats": 0.033099907080810266, "whole_seats": 0.0}, "E_08_PRES": {"fractional_seats": 0.6968984197210336, "whole_seats": 0.7388177585633515}}}
