{"geographic_baseline": {"E_16-22_COMP": {"fractional_seats": 14.30313465456591, "whole_seats": 13.692270119720654}, "E_16-20_COMP": {"fractional_seats": 11.914045035531556, "whole_seats": 11.132801037774604}, "E_24_PRES": {"fractional_seats": 19.01822877872864, "whole_seats": 18.811391679219067}, "E_20_TREAS": {"fractional_seats": 0.0, "whole_seats": 0.0}, "E_20_GOV": {"fractional_seats": 11.271245069814164, "whole_seats": 10.490412077701048}, "E_20_AG": {"fractional_seats": 15.802729276269643, "whole_seats": 15.504791821534067}, "E_20_PRES": {"fractional_seats": 19.742880970226363, "whole_seats": 19.57800823813063}, "E_20_AUD": {"fractional_seats": 0.0, "whole_seats": 0.0}, "E_18_SEN": {"fractional_seats": 11.16645781646071, "whole_seats": 9.845363881335707}, "E_16_AG": {"fractional_seats": 7.469653146695381, "whole_seats": 7.203206305385472}, "E_16_PRES": {"fractional_seats": 18.623512034423584, "whole_seats": 19.344660253526083}, "E_16_SEN": {"fractional_seats": 8.4066510781368, "whole_seats": 7.824756939689743}, "E_16_GOV": {"fractional_seats": 9.407086350394955, "whole_seats": 8.332052111250222}, "E_12_PRES": {"fractional_seats": 6.50315686860235, "whole_seats": 6.374441560378723}, "E_08_PRES": {"fractional_seats": 13.269699770037949, "whole_seats": 12.211488145308005}}}
