{"geographic_baseline": {"E_16-22_COMP": {"fractional_seats": 5.205737747310023, "whole_seats": 4.855526137541812}, "E_16-20_COMP": {"fractional_seats": 4.303714347076725, "whole_seats": 3.8454595527103423}, "E_24_PRES": {"fractional_seats": 7.211502661122918, "whole_seats": 6.841851549815131}, "E_20_TREAS": {"fractional_seats": 0.0, "whole_seats": 0.0}, "E_20_GOV": {"fractional_seats": 4.069193411165775, "whole_seats": 3.6175718666249335}, "E_20_AG": {"fractional_seats": 5.837187848263366, "whole_seats": 5.6966337125139335}, "E_20_PRES": {"fractional_seats": 7.460600302176127, "whole_seats": 7.6370429781490206}, "E_20_AUD": {"fractional_seats": 0.0, "whole_seats": 0.0}, "E_18_SEN": {"fractional_seats": 4.001532695482596, "whole_seats": 3.481613979146697}, "E_16_AG": {"fractional_seats": 2.644162573872139, "whole_seats": 2.436268192844147}, "E_16_PRES": {"fractional_seats": 6.9961374079320535, "whole_seats": 7.137062234687685}, "E_16_SEN": {"fractional_seats": 3.0038104103532506, "whole_seats": 2.853130073945108}, "E_16_GOV": {"fractional_seats": 3.406742714021178, "whole_seats": 3.0981521058706165}, "E_12_PRES": {"fractional_seats": 2.282557505630584, "whole_seats": 2.149283412234199}, "E_08_PRES": {"fractional_seats": 4.816417424229527, "whole_seats": 4.447572698018349}}}
