{"geographic_baseline": {"E_16-20_COMP": {"fractional_seats": 7.8145541308390545, "whole_seats": 7.881320199416235}, "E_21_AG": {"fractional_seats": 7.044768608335214, "whole_seats": 7.2274751016434875}, "E_21_GOV": {"fractional_seats": 6.943074541540377, "whole_seats": 7.107696405435353}, "E_21_LTG": {"fractional_seats": 6.954073497480021, "whole_seats": 7.117473738016549}, "E_20_SEN": {"fractional_seats": 8.242710247751138, "whole_seats": 8.163817821758302}, "E_20_PRES": {"fractional_seats": 8.061745934290096, "whole_seats": 8.08828053594592}, "E_18_SEN": {"fractional_seats": 8.521355524391021, "whole_seats": 8.351240060555678}, "E_17_LTG": {"fractional_seats": 7.609710076548304, "whole_seats": 7.740675462234182}, "E_17_GOV": {"fractional_seats": 7.918989125027454, "whole_seats": 7.884749657442304}, "E_17_AG": {"fractional_seats": 7.727364964542442, "whole_seats": 7.787749903173207}, "E_16_PRES": {"fractional_seats": 7.600306062799253, "whole_seats": 7.743999143591294}, "E_12_PRES": {"fractional_seats": 7.4667216225615824, "whole_seats": 7.708221141129813}, "E_08_PRES": {"fractional_seats": 7.821837873670194, "whole_seats": 7.818980783287226}}}
