{"geographic_baseline": {"E_16-20_COMP": {"fractional_seats": 64.24592021342033, "whole_seats": 64.26339294248338}, "E_21_AG": {"fractional_seats": 56.46983995389854, "whole_seats": 56.647634976185216}, "E_21_GOV": {"fractional_seats": 55.51792341897175, "whole_seats": 55.40191484734855}, "E_21_LTG": {"fractional_seats": 55.81564111451738, "whole_seats": 55.651387904594344}, "E_20_SEN": {"fractional_seats": 69.99946271819303, "whole_seats": 70.54989849263035}, "E_20_PRES": {"fractional_seats": 67.9257196097217, "whole_seats": 68.3623836847656}, "E_18_SEN": {"fractional_seats": 71.86073731825589, "whole_seats": 72.5171128229244}, "E_17_LTG": {"fractional_seats": 59.83722395810479, "whole_seats": 60.096522079344616}, "E_17_GOV": {"fractional_seats": 64.11242771590891, "whole_seats": 63.9419036996694}, "E_17_AG": {"fractional_seats": 61.3405334804412, "whole_seats": 61.501822475236686}, "E_16_PRES": {"fractional_seats": 60.086570657909824, "whole_seats": 59.885408994817}, "E_12_PRES": {"fractional_seats": 57.98977261791586, "whole_seats": 58.53466526202671}, "E_08_PRES": {"fractional_seats": 61.05599118392288, "whole_seats": 60.63724592310888}}}
