{"geographic_baseline": {"E_16-20_COMP": {"fractional_seats": 26.17773479858244, "whole_seats": 26.353757730646752}, "E_21_AG": {"fractional_seats": 22.65016309224592, "whole_seats": 22.493569693791056}, "E_21_GOV": {"fractional_seats": 22.275467821721815, "whole_seats": 22.09672065679321}, "E_21_LTG": {"fractional_seats": 22.355587169408274, "whole_seats": 22.219764527000482}, "E_20_SEN": {"fractional_seats": 28.575001224319294, "whole_seats": 29.34598389854341}, "E_20_PRES": {"fractional_seats": 27.58624509702526, "whole_seats": 27.94675668226441}, "E_18_SEN": {"fractional_seats": 29.215972322140058, "whole_seats": 29.756207370003935}, "E_17_LTG": {"fractional_seats": 24.482111149703346, "whole_seats": 24.99021420991956}, "E_17_GOV": {"fractional_seats": 26.285154062462635, "whole_seats": 26.591712369023195}, "E_17_AG": {"fractional_seats": 25.06369401195571, "whole_seats": 25.308832537227808}, "E_16_PRES": {"fractional_seats": 24.5177457211418, "whole_seats": 24.92539500866202}, "E_12_PRES": {"fractional_seats": 23.83434052318408, "whole_seats": 23.73959799999841}, "E_08_PRES": {"fractional_seats": 25.059271433026804, "whole_seats": 24.707988617828015}}}
