{"geographic_baseline": {"E_16-20_COMP": {"fractional_seats": 86.0765927632821, "whole_seats": 88.00403062152746}, "E_20_TREAS": {"fractional_seats": 88.54163483284539, "whole_seats": 89.26304004030622}, "E_20_SOS": {"fractional_seats": 98.41035805744734, "whole_seats": 100.95314868981475}, "E_20_LTG": {"fractional_seats": 61.452533410029, "whole_seats": 63.08793503732832}, "E_20_GOV": {"fractional_seats": 6.974689202528168, "whole_seats": 7.101071877862215}, "E_20_AG": {"fractional_seats": 102.98131637129485, "whole_seats": 103.99999999999997}, "E_20_PRES": {"fractional_seats": 95.98201957745614, "whole_seats": 97.70818735547998}, "E_20_AUD": {"fractional_seats": 0.0, "whole_seats": 0.0}, "E_18_AG": {"fractional_seats": 103.32587415397708, "whole_seats": 103.99999999999997}, "E_18_GOV": {"fractional_seats": 24.470313431612272, "whole_seats": 24.185433470641925}, "E_18_SEN": {"fractional_seats": 0.0, "whole_seats": 0.0}, "E_18_LTG": {"fractional_seats": 0.0, "whole_seats": 0.0}, "E_16_GOV": {"fractional_seats": 35.1660557096068, "whole_seats": 35.16816804208516}, "E_16_LTG": {"fractional_seats": 60.28964706002354, "whole_seats": 61.28052472720994}, "E_16_PRES": {"fractional_seats": 90.74823869001098, "whole_seats": 90.87023793418207}, "E_16_AG": {"fractional_seats": 102.02380422440609, "whole_seats": 103.46372829381238}, "E_16_SEN": {"fractional_seats": 97.4889824309539, "whole_seats": 100.02211243754635}, "E_08_PRES": {"fractional_seats": 103.71521256459802, "whole_seats": 103.99999999999997}}}
