{"geographic_baseline": {"E_16-20_COMP": {"fractional_seats": 11.63463362567935, "whole_seats": 12.450527697305297}, "E_20_TREAS": {"fractional_seats": 11.687069300379164, "whole_seats": 12.2013740189744}, "E_20_SOS": {"fractional_seats": 12.839496058289264, "whole_seats": 12.999999999999996}, "E_20_LTG": {"fractional_seats": 8.35080528510962, "whole_seats": 8.69945589719427}, "E_20_GOV": {"fractional_seats": 0.4937034560636701, "whole_seats": 0.4524590367871965}, "E_20_AG": {"fractional_seats": 12.989353281182291, "whole_seats": 12.999999999999996}, "E_20_PRES": {"fractional_seats": 12.760076119973997, "whole_seats": 12.999999999999996}, "E_20_AUD": {"fractional_seats": 0.0, "whole_seats": 0.0}, "E_18_AG": {"fractional_seats": 12.992101154321967, "whole_seats": 12.999999999999996}, "E_18_GOV": {"fractional_seats": 3.1838465962668168, "whole_seats": 2.880984703231495}, "E_18_SEN": {"fractional_seats": 0.0, "whole_seats": 0.0}, "E_18_LTG": {"fractional_seats": 0.0, "whole_seats": 0.0}, "E_16_GOV": {"fractional_seats": 4.65191684169429, "whole_seats": 4.273799249545545}, "E_16_LTG": {"fractional_seats": 8.407291278337738, "whole_seats": 8.722319411205811}, "E_16_PRES": {"fractional_seats": 12.176154905737768, "whole_seats": 12.92130180367203}, "E_16_AG": {"fractional_seats": 12.920110153099426, "whole_seats": 12.999999999999996}, "E_16_SEN": {"fractional_seats": 12.751556689609796, "whole_seats": 12.999999999999996}, "E_08_PRES": {"fractional_seats": 12.99648927432207, "whole_seats": 12.999999999999996}}}
