{"geographic_baseline": {"E_16-22_COMP": {"fractional_seats": 6.877406852885677, "whole_seats": 6.856963425474005}, "E_16-20_COMP": {"fractional_seats": 6.982021750827829, "whole_seats": 6.96460518441829}, "E_24_SEN": {"fractional_seats": 7.349212507137347, "whole_seats": 7.060867734739296}, "E_24_undefined": {"fractional_seats": 6.020105793011466, "whole_seats": 6.336499603323981}, "E_24_AG": {"fractional_seats": 6.569644173723039, "whole_seats": 6.619152500732914}, "E_24_GOV": {"fractional_seats": 6.462091785750589, "whole_seats": 6.463313927162399}, "E_24_SOS": {"fractional_seats": 7.251376979228961, "whole_seats": 7.04865143789042}, "E_24_CONG": {"fractional_seats": 7.482610862508868, "whole_seats": 7.861272028885096}, "E_24_LTG": {"fractional_seats": 6.619711347584227, "whole_seats": 6.71401471276645}, "E_24_TREAS": {"fractional_seats": 6.906965236810302, "whole_seats": 6.868652810974674}, "E_24_AUD": {"fractional_seats": 7.059651830142729, "whole_seats": 6.9879138736147}, "E_24_PRES": {"fractional_seats": 7.2014692742559445, "whole_seats": 7.022625132036033}, "E_22_CONG": {"fractional_seats": 7.202091358369677, "whole_seats": 7.735331131985941}, "E_22_SEN": {"fractional_seats": 6.758363756585458, "whole_seats": 6.778736557433763}, "E_22_SOS": {"fractional_seats": 9.999999999999922, "whole_seats": 10.000000000000037}, "E_20_AG": {"fractional_seats": 6.662666614195387, "whole_seats": 6.695023841440669}, "E_20_SOS": {"fractional_seats": 3.6270882838686336, "whole_seats": 3.371117808682117}, "E_20_LTG": {"fractional_seats": 10.000000000000037, "whole_seats": 10.000000000000037}, "E_20_GOV": {"fractional_seats": 6.598938543186749, "whole_seats": 6.655540531227843}, "E_20_TREAS": {"fractional_seats": 6.190172972411901, "whole_seats": 6.527270063220254}, "E_20_AUD": {"fractional_seats": 7.066139774390674, "whole_seats": 6.985187172278304}, "E_20_PRES": {"fractional_seats": 7.23186275199482, "whole_seats": 7.027735912551372}, "E_18_SEN": {"fractional_seats": 7.194868221150388, "whole_seats": 6.992274519255007}, "E_16_AUD": {"fractional_seats": 5.744377298062378, "whole_seats": 6.181779743009998}, "E_16_PRES": {"fractional_seats": 6.873565256951283, "whole_seats": 6.93376399900273}, "E_16_SOS": {"fractional_seats": 3.1474911256082803, "whole_seats": 2.897795680650708}, "E_16_SEN": {"fractional_seats": 7.585712837241171, "whole_seats": 7.053527314578111}, "E_16_GOV": {"fractional_seats": 6.15154078124439, "whole_seats": 6.419625708653561}, "E_16_AG": {"fractional_seats": 9.888432290583966, "whole_seats": 10.000000000000037}, "E_16_LTG": {"fractional_seats": 6.163622254837398, "whole_seats": 6.430162637806436}, "E_16_TREAS": {"fractional_seats": 0.0, "whole_seats": 0.0}, "E_12_PRES": {"fractional_seats": 7.301543955183548, "whole_seats": 7.04304619130694}, "E_08_PRES": {"fractional_seats": 7.73697862567977, "whole_seats": 7.858890545328554}}}
