{"geographic_baseline": {"E_16-22_COMP": {"fractional_seats": 33.71322830811785, "whole_seats": 33.895583821018256}, "E_16-20_COMP": {"fractional_seats": 34.12306572303971, "whole_seats": 34.196307571391536}, "E_24_SEN": {"fractional_seats": 36.07186173719774, "whole_seats": 35.98589019660652}, "E_24_undefined": {"fractional_seats": 29.817111275720933, "whole_seats": 30.128775446346452}, "E_24_AG": {"fractional_seats": 32.3914639546502, "whole_seats": 32.763340363576546}, "E_24_GOV": {"fractional_seats": 32.18172174538408, "whole_seats": 32.416359247638034}, "E_24_SOS": {"fractional_seats": 35.92537135215609, "whole_seats": 36.16571777200579}, "E_24_CONG": {"fractional_seats": 34.90018774475575, "whole_seats": 34.807815445017376}, "E_24_LTG": {"fractional_seats": 32.38630328323024, "whole_seats": 32.688943206613686}, "E_24_TREAS": {"fractional_seats": 34.081066878319675, "whole_seats": 34.037656381383016}, "E_24_AUD": {"fractional_seats": 34.77913071426078, "whole_seats": 34.92623468242091}, "E_24_PRES": {"fractional_seats": 35.64760489231555, "whole_seats": 35.81082571810145}, "E_22_CONG": {"fractional_seats": 34.691173972652855, "whole_seats": 34.50031270760909}, "E_22_SEN": {"fractional_seats": 33.41487642038628, "whole_seats": 33.66303467712589}, "E_22_SOS": {"fractional_seats": 48.99999998014447, "whole_seats": 49.00000000000009}, "E_20_AG": {"fractional_seats": 32.798901779340646, "whole_seats": 33.055663511817336}, "E_20_SOS": {"fractional_seats": 18.66786810039474, "whole_seats": 18.83424219051844}, "E_20_LTG": {"fractional_seats": 49.00000000000009, "whole_seats": 49.00000000000009}, "E_20_GOV": {"fractional_seats": 32.43825955495442, "whole_seats": 32.76614480380399}, "E_20_TREAS": {"fractional_seats": 30.346961259292467, "whole_seats": 30.76909083523363}, "E_20_AUD": {"fractional_seats": 34.756248456913525, "whole_seats": 34.865004404122175}, "E_20_PRES": {"fractional_seats": 35.95276642746997, "whole_seats": 36.2107223604173}, "E_18_SEN": {"fractional_seats": 34.467765169644565, "whole_seats": 34.32781101688559}, "E_16_AUD": {"fractional_seats": 27.384635611778382, "whole_seats": 27.714912343884627}, "E_16_PRES": {"fractional_seats": 33.37292169732336, "whole_seats": 33.59252621675955}, "E_16_SOS": {"fractional_seats": 14.591778285941913, "whole_seats": 13.514406677705857}, "E_16_SEN": {"fractional_seats": 36.6793671780021, "whole_seats": 36.850226941755764}, "E_16_GOV": {"fractional_seats": 30.135250509676453, "whole_seats": 30.306796987676357}, "E_16_AG": {"fractional_seats": 48.06385320798349, "whole_seats": 48.97252157319126}, "E_16_LTG": {"fractional_seats": 29.431943856359506, "whole_seats": 29.211132079414092}, "E_16_TREAS": {"fractional_seats": 0.0, "whole_seats": 0.0}, "E_12_PRES": {"fractional_seats": 35.81894804045638, "whole_seats": 36.940627213984676}, "E_08_PRES": {"fractional_seats": 37.76122305447, "whole_seats": 38.975779598433725}}}
