{"geographic_baseline": {"E_16-22_COMP": {"fractional_seats": 3.981359781446308, "whole_seats": 3.6731828703035965}, "E_16-20_COMP": {"fractional_seats": 3.9049453486477943, "whole_seats": 3.59906734594359}, "E_22_TREAS": {"fractional_seats": 3.6192933498805537, "whole_seats": 3.4948234713639112}, "E_22_CONG": {"fractional_seats": 3.3945711448089173, "whole_seats": 3.2783054771198716}, "E_22_SOS": {"fractional_seats": 3.775130396901872, "whole_seats": 3.6070595844592437}, "E_22_SEN": {"fractional_seats": 3.6448031790730155, "whole_seats": 3.541397806953093}, "E_22_AG": {"fractional_seats": 3.922250236531839, "whole_seats": 3.632841612035046}, "E_22_GOV": {"fractional_seats": 4.091200368784076, "whole_seats": 3.716929788632569}, "E_20_PRES": {"fractional_seats": 3.8305925505614504, "whole_seats": 3.678925934359256}, "E_18_AG": {"fractional_seats": 3.8932644812690493, "whole_seats": 3.5082343607210187}, "E_18_SEN": {"fractional_seats": 5.577890887531601, "whole_seats": 5.4070289755973855}, "E_18_SOS": {"fractional_seats": 4.561504679083774, "whole_seats": 4.158111399289877}, "E_18_TREAS": {"fractional_seats": 4.3652850748263035, "whole_seats": 3.9960948250323405}, "E_18_GOV": {"fractional_seats": 3.896074334103209, "whole_seats": 3.5397214457834534}, "E_16_SEN": {"fractional_seats": 3.4843616426873085, "whole_seats": 3.2771001259306893}, "E_16_PRES": {"fractional_seats": 3.677776613726903, "whole_seats": 3.5816209733821616}, "E_12_PRES": {"fractional_seats": 5.224921169654555, "whole_seats": 5.039987322094456}, "E_08_PRES": {"fractional_seats": 6.727392898784779, "whole_seats": 7.025302533986167}}}
