{"geographic_baseline": {"E_16-22_COMP": {"fractional_seats": 49.540911432815626, "whole_seats": 49.40457314041839}, "E_16-20_COMP": {"fractional_seats": 47.74677402158581, "whole_seats": 47.12546528354429}, "E_22_TREAS": {"fractional_seats": 45.355301395836065, "whole_seats": 45.491114437440004}, "E_22_CONG": {"fractional_seats": 37.65865005995649, "whole_seats": 37.44013456361506}, "E_22_SOS": {"fractional_seats": 47.74619431523132, "whole_seats": 47.89452413569843}, "E_22_SEN": {"fractional_seats": 45.711970605160396, "whole_seats": 45.85649466092542}, "E_22_AG": {"fractional_seats": 49.07182513654343, "whole_seats": 49.40204510972536}, "E_22_GOV": {"fractional_seats": 51.77675170822159, "whole_seats": 51.62488958582686}, "E_20_PRES": {"fractional_seats": 47.6231366781599, "whole_seats": 47.65626774134768}, "E_18_AG": {"fractional_seats": 47.27911640317902, "whole_seats": 46.276483706889266}, "E_18_SEN": {"fractional_seats": 63.06322668798723, "whole_seats": 62.95344025621858}, "E_18_SOS": {"fractional_seats": 54.53211523566205, "whole_seats": 53.72471723282318}, "E_18_TREAS": {"fractional_seats": 52.372169177541906, "whole_seats": 51.19037066245795}, "E_18_GOV": {"fractional_seats": 47.77578470188527, "whole_seats": 47.01349284102163}, "E_16_SEN": {"fractional_seats": 41.62305867577213, "whole_seats": 40.14002095112119}, "E_16_PRES": {"fractional_seats": 43.70980283032141, "whole_seats": 43.362075857718345}, "E_12_PRES": {"fractional_seats": 60.18984500339379, "whole_seats": 60.90383727215996}, "E_08_PRES": {"fractional_seats": 74.66055535389123, "whole_seats": 77.05141915510738}}}
