{"geographic_baseline": {"E_16-22_COMP": {"fractional_seats": 16.428240942399164, "whole_seats": 16.940129303777326}, "E_16-20_COMP": {"fractional_seats": 15.77381346178136, "whole_seats": 15.463350638764854}, "E_22_TREAS": {"fractional_seats": 14.597112005640472, "whole_seats": 14.321145497629866}, "E_22_CONG": {"fractional_seats": 12.590081394542565, "whole_seats": 13.225609538834409}, "E_22_SOS": {"fractional_seats": 15.488667443084513, "whole_seats": 16.12781677033069}, "E_22_SEN": {"fractional_seats": 14.692282512265063, "whole_seats": 14.437709269428927}, "E_22_AG": {"fractional_seats": 16.349574722469175, "whole_seats": 16.946182019567264}, "E_22_GOV": {"fractional_seats": 17.243757277706962, "whole_seats": 17.820835845895566}, "E_20_PRES": {"fractional_seats": 15.469639958304036, "whole_seats": 15.471077509986058}, "E_18_AG": {"fractional_seats": 15.721449963792397, "whole_seats": 15.300755991379274}, "E_18_SEN": {"fractional_seats": 21.828935253108813, "whole_seats": 21.925937752705465}, "E_18_SOS": {"fractional_seats": 18.51360297211695, "whole_seats": 18.513129912221764}, "E_18_TREAS": {"fractional_seats": 17.815105702675123, "whole_seats": 17.937478006243225}, "E_18_GOV": {"fractional_seats": 15.823581739209645, "whole_seats": 15.225738150349217}, "E_16_SEN": {"fractional_seats": 13.421587856663367, "whole_seats": 12.98305297267362}, "E_16_PRES": {"fractional_seats": 14.149556070358438, "whole_seats": 13.228134769936398}, "E_12_PRES": {"fractional_seats": 20.415025363704213, "whole_seats": 20.983785786832662}, "E_08_PRES": {"fractional_seats": 25.68422111846815, "whole_seats": 26.69800302627304}}}
