{"geographic_baseline": {"E_16-22_COMP": {"fractional_seats": 4.3142316385784055e-05, "whole_seats": 0.0}, "E_16-20_COMP": {"fractional_seats": 4.096991721395514e-05, "whole_seats": 0.0}, "E_24_PRES": {"fractional_seats": 1.032582951887998e-07, "whole_seats": 0.0}, "E_20_GOV": {"fractional_seats": 1.2746788640399074e-05, "whole_seats": 0.0}, "E_20_PRES": {"fractional_seats": 7.195289502282619e-07, "whole_seats": 0.0}, "E_20_SEN": {"fractional_seats": 1.7916197206760322e-08, "whole_seats": 0.0}, "E_20_AG": {"fractional_seats": 0.0011554698798330286, "whole_seats": 0.0}, "E_18_SEN": {"fractional_seats": 1.3961537027605804, "whole_seats": 1.5655176181736665}, "E_16_PRES": {"fractional_seats": 2.9908051440053116e-08, "whole_seats": 0.0}, "E_16_GOV": {"fractional_seats": 1.5790253629633275, "whole_seats": 1.6163249923622238}, "E_16_AG": {"fractional_seats": 0.4009250879549859, "whole_seats": 0.0}, "E_12_PRES": {"fractional_seats": 0.0005935770802361078, "whole_seats": 0.0}, "E_08_PRES": {"fractional_seats": 0.09396481662810961, "whole_seats": 0.0}}}
