{"geographic_baseline": {"E_16-22_COMP": {"fractional_seats": 11.682485693360055, "whole_seats": 10.992877356281593}, "E_16-20_COMP": {"fractional_seats": 11.368441013652673, "whole_seats": 10.675491549386855}, "E_24_PRES": {"fractional_seats": 9.618448335389267, "whole_seats": 9.031195573881265}, "E_20_GOV": {"fractional_seats": 11.18944931825431, "whole_seats": 10.580437482856814}, "E_20_PRES": {"fractional_seats": 10.833611304601476, "whole_seats": 9.992384524640466}, "E_20_SEN": {"fractional_seats": 6.222213846778739, "whole_seats": 6.045327130939347}, "E_20_AG": {"fractional_seats": 13.71601066567648, "whole_seats": 12.216705431629082}, "E_18_SEN": {"fractional_seats": 58.79892835863027, "whole_seats": 59.83129436321022}, "E_16_PRES": {"fractional_seats": 7.9500039362301065, "whole_seats": 7.664201021789408}, "E_16_GOV": {"fractional_seats": 68.7036553014395, "whole_seats": 70.78779472335647}, "E_16_AG": {"fractional_seats": 34.03431353248414, "whole_seats": 32.00102468841223}, "E_12_PRES": {"fractional_seats": 11.78378971372535, "whole_seats": 10.807898240301137}, "E_08_PRES": {"fractional_seats": 24.036196828010738, "whole_seats": 21.838462722080862}}}
