{"geographic_baseline": {"E_16-22_COMP": {"fractional_seats": 1.235876369707317, "whole_seats": 1.469557611126845}, "E_16-20_COMP": {"fractional_seats": 1.1490517208909607, "whole_seats": 0.9288928682132508}, "E_24_PRES": {"fractional_seats": 0.5493053059038064, "whole_seats": 0.0}, "E_20_GOV": {"fractional_seats": 1.311776203184183, "whole_seats": 0.9866394680094283}, "E_20_PRES": {"fractional_seats": 0.8311817978941971, "whole_seats": 0.0981303617741047}, "E_20_SEN": {"fractional_seats": 0.10525971667111847, "whole_seats": 0.0}, "E_20_AG": {"fractional_seats": 1.7587015445999485, "whole_seats": 2.064623385195873}, "E_18_SEN": {"fractional_seats": 10.48745861972159, "whole_seats": 10.652157866685704}, "E_16_PRES": {"fractional_seats": 0.18971365317050856, "whole_seats": 0.0}, "E_16_GOV": {"fractional_seats": 11.952515301551479, "whole_seats": 13.018261530810909}, "E_16_AG": {"fractional_seats": 5.6456151776473025, "whole_seats": 4.885989755345882}, "E_12_PRES": {"fractional_seats": 0.6223891385447339, "whole_seats": 0.0}, "E_08_PRES": {"fractional_seats": 3.064575197316266, "whole_seats": 2.6272191361397232}}}
