{"geographic_baseline": {"E_16-22_COMP": {"fractional_seats": 6.495131464387585, "whole_seats": 6.350031463930894}, "E_16-20_COMP": {"fractional_seats": 6.472123646809665, "whole_seats": 6.669462304823949}, "E_24_PRES": {"fractional_seats": 5.677642679750631, "whole_seats": 5.915596921908777}, "E_20_SEN": {"fractional_seats": 6.032619417090802, "whole_seats": 5.881203291664571}, "E_20_PRES": {"fractional_seats": 6.539452535367842, "whole_seats": 6.013941208388301}, "E_18_SEN": {"fractional_seats": 7.9178931638526, "whole_seats": 7.65935397528998}, "E_18_GOV": {"fractional_seats": 6.818994395419108, "whole_seats": 6.899254746893045}, "E_16_PRES": {"fractional_seats": 5.33211038985795, "whole_seats": 5.297048977985648}, "E_08_PRES": {"fractional_seats": 7.363050212627941, "whole_seats": 7.085517750684319}}}
