{"geographic_baseline": {"E_16-22_COMP": {"fractional_seats": 3.388185751688309, "whole_seats": 3.2326788026717472}, "E_16-20_COMP": {"fractional_seats": 3.359266483087293, "whole_seats": 3.2196737112356573}, "E_24_PRES": {"fractional_seats": 3.072717401631791, "whole_seats": 3.0069706041941506}, "E_20_SEN": {"fractional_seats": 3.172694733024369, "whole_seats": 3.184420240235347}, "E_20_PRES": {"fractional_seats": 3.423917731736735, "whole_seats": 3.184420240235347}, "E_18_SEN": {"fractional_seats": 4.134580093398024, "whole_seats": 3.9251730516199155}, "E_18_GOV": {"fractional_seats": 3.510482279105738, "whole_seats": 3.2326788026717472}, "E_16_PRES": {"fractional_seats": 2.8987370150889724, "whole_seats": 3.0069706041941506}, "E_08_PRES": {"fractional_seats": 3.9172756988058697, "whole_seats": 3.5778511262007}}}
